Time(s),Fx,Fy,Fz,Tx,Ty,Tz,PosX,PosY,PosZ,SerialData
2.00001522898674e-07,0.04344957452267408,0.023043126985430717,0.00670933946967125,0.0005447612144052983,-0.001769817667081952,0.00012335579376667737,215.998,189.001,79.997,"0.03,0.05,-1.06,1.12,0.20,-0.08,100625,24.4"
0.16803709999658167,0.07089578751474619,-0.011927760764956474,0.038024237379431725,-0.0005273820948787034,-0.0037684272509068252,4.771278472617269e-05,215.998,189.457,79.997,"0.02,0.06,-1.06,1.19,0.14,-0.08,100617,24.4"
0.2850101999938488,0.05484364405274391,0.03109811246395111,0.013233850779943167,0.0008129174821078777,-0.0020687617477960886,-3.332298947498202e-05,215.998,189.499,79.997,"0.02,0.05,-1.06,1.19,0.14,-0.14,100622,24.4"
0.37799350009299815,0.050147687271237376,0.02109910696744919,0.011364529933780431,0.00046479799784719943,-0.0022886829683557153,0.00011435054475441575,215.998,189.499,79.997,"0.02,0.06,-1.06,1.19,0.14,-0.14,100628,24.4"
0.47204540006350726,0.04801638703793287,0.04329056367278099,0.01220632866024971,0.001245454454328865,-0.0013775213854387402,-0.000142577791120857,215.998,189.499,79.997,"0.02,0.05,-1.06,1.19,0.14,-0.14,100622,24.4"
0.5670084999874234,0.036624281853437426,0.043990638107061386,-0.014745535887777805,0.0012204006547108293,-0.0011198752152267843,0.0001439939282136038,215.998,189.499,79.997,"0.02,0.05,-1.06,1.19,0.20,-0.14,100610,24.4"
0.6609871999826282,0.05156706720590591,-0.005184745416045189,0.007653893530368805,-0.0004326647380366921,-0.0029325700365006925,0.0002780904760584235,215.998,189.499,79.997,"0.02,0.06,-1.06,1.19,0.14,-0.08,100618,24.4"
0.7540652999887243,0.03769529964774847,0.07656208202242851,-0.007880192250013351,0.002371096215210855,-0.0002825468429364264,-0.00021431363420560957,215.998,189.499,79.997,"0.03,0.06,-1.06,1.25,0.26,-0.14,100623,24.4"
0.8470612000674009,0.06928967274725437,0.01756070777773857,0.03276037648320198,0.0005200264044106006,-0.0031062272377312184,-0.00010266145400237293,215.998,189.499,79.997,"0.02,0.05,-1.06,1.19,0.14,-0.14,100602,24.4"
0.9410164000000805,0.05302266739308834,0.02440093010663986,0.018414542078971863,0.0007238316815346479,-0.002086753468029201,-9.366933954879642e-05,215.998,189.499,79.997,"0.02,0.06,-1.06,1.25,0.14,-0.08,100598,24.4"
1.0349999000318348,0.06403530295938253,-0.013303797878324985,0.02951147872954607,-0.0006688339402899146,-0.003473890107125044,0.00012453554663807153,215.998,189.499,79.997,"0.02,0.05,-1.06,1.19,0.14,-0.08,100610,24.4"
1.129048200091347,0.0327725388109684,0.04436805434525013,-0.009508011862635612,0.0012776935938745738,-0.0009860506164841355,0.00015592481940984726,215.998,189.499,79.997,"0.02,0.05,-1.06,1.19,0.14,-0.08,100618,24.4"
1.2240098000038415,0.04099615849554539,0.01782123576849699,-0.009195409715175629,0.000349559320602566,-0.002002061394159682,0.0003216142242308706,215.998,189.499,79.997,"0.02,0.05,-1.06,1.19,0.20,-0.14,100614,24.4"
1.3190377000719309,0.06459600999951362,-0.0003698933869600296,0.02336552133783698,-0.000342756905592978,-0.0032030309434048832,7.21704214811325e-05,215.998,189.499,79.997,"0.02,0.05,-1.06,1.19,0.14,-0.02,100619,24.4"
1.467992400052026,0.041949250362813474,0.04011883325874806,-0.008414439857006073,0.0009976535569876433,-0.0015651054389309138,0.00011192484234925359,215.998,189.957,79.997,"0.03,0.05,-1.06,1.25,0.14,-0.08,100616,24.4"
1.6010459000244737,0.05346100367605686,0.009215409122407436,0.017795052379369736,0.00016587884165346621,-0.002649007012951188,8.674005512148142e-05,215.998,189.999,79.997,"0.02,0.05,-1.06,1.25,0.20,-0.02,100617,24.4"
1.694034600048326,0.03824284728616476,0.016820678114891054,-0.00509495884180069,0.00028260458493605255,-0.0018556726747192443,0.00022465411748271436,215.998,189.999,79.997,"0.02,0.06,-1.06,1.12,0.20,-0.14,100615,24.4"
1.7880122000351548,0.04469702467322349,0.03260676823556423,0.008338550478219986,0.000992539885919541,-0.0017210793565027415,1.1485861614346505e-05,215.998,189.999,79.997,"0.02,0.05,-1.06,1.25,0.20,-0.14,100628,24.4"
1.882080200011842,0.05565352737903595,0.02163606248795986,0.02405904997140169,0.0006705719511955977,-0.0022191187483258544,-8.120678830891848e-05,215.998,189.999,79.997,"0.02,0.05,-1.06,1.12,0.20,-0.14,100612,24.4"
1.9760560999857262,0.03299660608172417,0.04760138913989067,-0.012655539251863957,0.001286641205660999,-0.0007334602647460997,7.630871550645679e-05,215.998,189.999,79.997,"0.02,0.05,-1.06,1.25,0.14,-0.08,100619,24.4"
2.069039500085637,0.03941818084567785,0.03005637526512146,-0.011421096697449683,0.0006473303074017167,-0.0015501247369684279,0.00020302789052948356,215.998,189.999,79.997,"0.02,0.05,-1.06,1.25,0.20,-0.14,100624,24.4"
2.163011600030586,0.04155133124440909,0.05012420006096363,-0.0027744431979954244,0.0014303010888397695,-0.0011947441147640348,2.6401726063340903e-05,215.998,189.999,79.997,"0.02,0.05,-1.06,1.19,0.14,-0.08,100624,24.4"
2.2580382000887766,0.05016393661499023,0.027800175920128824,0.0232669897377491,0.0007658605230972171,-0.001985115360002965,-5.1309727132320405e-05,215.998,189.999,79.997,"0.02,0.06,-1.06,1.19,0.20,-0.08,100614,24.4"
2.352014100062661,0.033464258536696434,0.0710301898419857,-0.010423997975885868,0.002108788094483316,-0.00035219582496210934,-3.6160106537863614e-05,215.998,189.999,79.997,"0.02,0.06,-1.06,1.19,0.26,-0.02,100615,24.4"
2.446056800079532,0.05898626819252968,-0.04240305572748184,0.015437841415405273,-0.0018166741356253624,-0.003951643360778689,0.0004966309817973525,215.998,189.999,79.997,"0.02,0.05,-1.06,1.12,0.20,-0.14,100598,24.4"
2.5400500000687316,0.05040195416659117,0.02224390972405672,0.015966460481286048,0.0006370889488607645,-0.0023785448633134366,7.311691297218204e-05,215.998,189.999,79.997,"0.02,0.06,-1.06,1.12,0.14,-0.08,100616,24.4"
2.6340207000030205,0.05285440422594547,0.026407227851450443,0.017903392389416694,0.0006549719255417585,-0.00202909829095006,-2.858330262824893e-05,215.998,189.999,79.997,"0.02,0.06,-1.06,1.25,0.14,-0.14,100620,24.4"
2.764068100019358,0.014821583312004805,0.04633942246437073,-0.04029240347445011,0.0011869010049849749,-0.0003353169071488082,0.00034876547288149596,215.998,190.389,79.997,"0.02,0.05,-1.06,1.19,0.20,-0.20,100616,24.4"
2.9170745000010356,0.049281010031700136,-0.009039954468607902,0.0017426235601305962,-0.0006352368160150945,-0.0029079921077936888,0.0003165304311551154,215.998,190.497,79.997,"0.02,0.06,-1.06,1.19,0.14,-0.02,100614,24.4"
3.010076400008984,0.060145987570285796,0.03522299807518721,0.01473248116672039,0.0010823542601428927,-0.0021098038530908527,-0.00014595759566873311,215.998,190.499,79.997,"0.02,0.06,-1.06,1.19,0.14,-0.14,100624,24.4"
3.104048200068064,0.032761231437325476,0.04110145382583141,-0.019934076815843582,0.0010970014962367713,-0.0010947052272967995,0.0001979912252863869,215.998,190.499,79.997,"0.02,0.06,-1.06,1.12,0.20,-0.02,100608,24.4"
3.197045600041747,0.009996428433805705,0.04706843122839928,-0.049089764803647996,0.0012834132183343172,-0.0001845655031502247,0.0004508949466980994,215.998,190.499,79.997,"0.02,0.05,-1.06,1.19,0.20,-0.08,100617,24.4"
3.291044000070542,0.05161823611706495,0.03974241241812706,0.010293972492218018,0.0010650435229763388,-0.001487093308242038,-0.00013072029105387628,215.998,190.499,79.997,"0.02,0.05,-1.06,1.19,0.14,-0.08,100622,24.4"
3.385102800093591,0.03706525759771466,0.028567852079868318,-0.017516015470027922,0.0006342594628222286,-0.0014308440615423024,0.00019912611460313201,215.998,190.499,79.997,"0.02,0.05,-1.06,1.25,0.20,-0.08,100624,24.4"
3.479045100044459,0.04890914969146252,0.02067205458879471,0.013393667712807655,0.00042958687990903857,-0.00200154670746997,7.607756124343723e-05,215.998,190.499,79.997,"0.02,0.05,-1.06,1.25,0.20,-0.14,100620,24.4"
3.5730284000746906,0.03755307011306286,0.025943388789892198,-0.010088066011667252,0.0007220955914817751,-0.0017743500764481723,0.00024267065164167433,215.998,190.499,79.997,"0.02,0.06,-1.06,1.25,0.20,-0.02,100616,24.4"
3.667101600090973,0.025584450364112853,0.04685833007097244,-0.028212551772594453,0.0013733885250985622,-0.00083475491264835,0.00029905810952186586,215.998,190.499,79.997,"0.03,0.05,-1.06,1.25,0.14,-0.08,100616,24.4"
3.76105730002746,0.03569032046943903,0.03052242398262024,-0.013137818255927414,0.0008002984337508679,-0.00133464599493891,0.00017842922825366258,215.998,190.499,79.997,"0.03,0.06,-1.06,1.19,0.14,-0.20,100613,24.4"
3.8550236000446603,0.0481833266094327,0.035512685775756836,0.013717031106352806,0.0010971155483275653,-0.0016171576571650803,-8.841179660521448e-05,215.998,190.499,79.997,"0.02,0.06,-1.06,1.25,0.14,-0.20,100616,24.4"
3.9490688000805676,0.05908217094838619,0.01301143579185009,0.026085464842617513,0.00036429859464988114,-0.002459046256262809,-6.780809490010142e-05,215.998,190.499,79.997,"0.02,0.06,-1.06,1.25,0.14,-0.02,100621,24.4"
4.1160763000370935,0.06615957245230675,0.05193417742848396,0.016942242393270135,0.0015717744245193899,-0.0016900238231755793,-0.00040667172288522124,215.998,190.953,79.997,"0.03,0.06,-1.06,1.00,0.14,-0.02,100611,24.4"
4.2290555000072345,0.0589412447065115,0.016349733993411063,-0.03222704501822591,0.0002758354414254427,-0.0022817317047156395,6.450183573178948e-05,215.998,190.999,79.997,"0.02,0.05,-1.06,0.94,0.08,-0.02,100624,24.4"
4.322037200094201,0.03945387229323387,0.02165871374309063,-0.06378998085856438,0.0004936744691804052,-0.0015941032557748257,0.0003224625368602574,215.998,190.999,79.997,"0.02,0.05,-1.06,1.06,0.02,-0.20,100620,24.4"
4.416088900063187,0.024089671857655048,0.07754600942134857,-0.06782404049299658,0.0022994289640337227,0.00035936826607212423,4.289585922379047e-05,215.998,190.999,79.997,"0.02,0.06,-1.06,1.06,0.08,-0.08,100620,24.4"
4.510095000034198,0.053226526640355584,0.03556535989046097,-0.025910025648772716,0.0009628241183236242,-0.001556342002004385,-0.00011718362220562995,215.998,190.999,79.997,"0.02,0.06,-1.06,0.94,0.08,-0.08,100612,24.4"
4.603092100005597,0.04333848524838686,0.016257238388061524,-0.048827982321381566,6.391172064468265e-05,-0.0016058378387242556,0.00017959241522476078,215.998,190.999,79.997,"0.02,0.06,-1.06,1.06,0.08,-0.08,100616,24.4"
4.697046700050123,0.043943395186215636,0.005519267916679382,-0.05151968076825142,-0.00023458974901586772,-0.0021110376925207674,0.00037835658877156676,215.998,190.999,79.997,"0.02,0.06,-1.06,1.00,0.08,-0.08,100617,24.4"
4.791081400006078,0.016716103814542294,0.06678061708807945,-0.08186374045908451,0.0019522077054716647,8.934031357057392e-05,0.00031577945046592506,215.998,190.999,79.997,"0.02,0.06,-1.06,1.00,0.08,-0.08,100615,24.4"
4.88407630007714,0.004918994288891554,0.03452964723110199,-0.10784173458814621,0.0008413944393396378,-0.0003967547614593059,0.0007685092277824879,215.998,190.999,79.997,"0.02,0.05,-1.06,1.06,0.08,-0.02,100608,24.4"
4.978060599998571,0.04134627655148506,0.01999166961759329,-0.044582751393318173,0.00035901349037885665,-0.0016732183168642223,0.00023458368377760053,215.998,190.999,79.997,"0.03,0.05,-1.06,1.00,0.14,-0.14,100622,24.4"
5.072104600025341,0.034438399598002434,0.055722326040267944,-0.051729464530944826,0.0016884395154193044,-0.0006658327009063214,6.918458093423397e-05,215.998,190.999,79.997,"0.03,0.06,-1.06,1.06,0.08,-0.08,100613,24.4"
5.166079899994656,0.045344228297472,0.02088261190801859,-0.047830856312066315,0.00046597731998190286,-0.001838299201335758,0.00020804619998671114,215.998,190.999,79.997,"0.02,0.05,-1.06,1.06,0.14,-0.08,100616,24.4"
5.261045700055547,0.0648011514917016,0.030755189433693885,-0.008906476199626923,0.0009123807772994042,-0.002053167560370639,-0.00018484537722542881,215.998,191.035,79.997,"0.02,0.05,-1.06,0.94,0.20,-0.08,100616,24.4"
5.470105100073852,0.03149766884744167,0.051442626491189004,-0.13528956174850465,0.0012949512689374386,-0.0005017833202145994,0.0003436354425502941,215.998,191.495,79.997,"0.02,0.06,-1.06,0.70,0.14,-0.08,100621,24.4"
5.566066200030036,0.07158957906067372,0.026502200588583946,-0.08045338913798332,0.0006032223463989794,-0.0021787916717585175,-6.845947646070272e-05,215.998,191.499,79.997,"0.03,0.06,-1.06,0.70,0.08,-0.08,100624,24.4"
5.660090900026262,0.05408155955374241,0.03493746407330036,-0.09499203264713288,0.000914388382807374,-0.001460790357668884,9.697732457425445e-05,215.998,191.499,79.997,"0.02,0.05,-1.06,0.76,0.08,-0.14,100622,24.4"
5.754092100076377,0.03505004337057471,0.04514518156647682,-0.11255451291799545,0.0012377724517136813,-0.0007433917315211147,0.00022545893443748355,215.998,191.499,79.997,"0.02,0.06,-1.06,0.76,0.08,-0.14,100616,24.4"
5.8480624000076205,0.04049163740128279,0.024238117784261704,-0.10967075824737549,0.0003597141825594008,-0.0012728274508845062,0.0003672347229439765,215.998,191.499,79.997,"0.02,0.05,-1.06,0.88,0.08,-0.08,100620,24.4"
5.942101199994795,0.0858057338744402,0.007561712712049484,-0.04407883435487747,5.141209112480283e-05,-0.00324068566551432,-0.0001719227759167552,215.998,191.499,79.997,"0.02,0.06,-1.06,0.76,0.14,-0.02,100627,24.4"
6.0360882000532,0.055075938999652865,0.003830212727189064,-0.08299698457121849,-0.0002986506791785359,-0.0023155292496085168,0.0003132141078822315,215.998,191.499,79.997,"0.02,0.05,-1.06,0.76,0.08,-0.08,100616,24.4"
6.1300688000628725,0.012479972979053854,0.07333184629678727,-0.14358908087015151,0.00201766025274992,0.0007583216647617519,0.0004316846316214651,215.998,191.499,79.997,"0.03,0.06,-1.06,0.82,-0.04,-0.08,100618,24.4"
6.223118400084786,0.05775083201006055,0.017236630991101266,-0.08271994329988956,0.00018704587128013373,-0.0020349112513940782,0.00014264174969866872,215.998,191.499,79.997,"0.03,0.05,-1.06,0.82,0.02,-0.08,100612,24.4"
6.318078399985097,0.03290433129295707,0.04140999801456928,-0.11639854535460473,0.0010181976365856826,-0.0008779836003668606,0.0003629018581705168,215.998,191.499,79.997,"0.02,0.05,-1.06,0.82,0.02,-0.02,100616,24.4"
6.411072500050068,0.050612947717308995,0.036808396130800246,-0.08889410328119993,0.001003212167415768,-0.0015670616470742972,0.00018887621408794075,215.998,191.499,79.997,"0.02,0.05,-1.06,0.82,0.08,-0.14,100625,24.4"
6.505117500084452,0.03992969840765,0.05068865939974785,-0.10903469771146775,0.0013466886477544904,-0.0006615287798922509,0.00020185081521049142,215.998,191.499,79.997,"0.02,0.06,-1.06,0.88,0.08,-0.08,100612,24.4"
6.6371137000387534,0.046128173684701325,0.03630415461957455,-0.10796787962317467,0.0008192937122657896,-0.0012351250392384828,0.0002142663928680122,215.998,191.709,79.997,"0.02,0.06,-1.06,0.15,0.26,-0.14,100614,24.4"
6.788110300083645,0.060761988162994385,0.047142647206783295,-0.1629677727818489,0.001101494487375021,-0.0012045076582580805,0.0001198387355543673,215.998,191.997,79.997,"0.02,0.06,-1.06,0.57,0.02,-0.08,100620,24.4"
6.880128400051035,0.09565979465842248,0.0056248694658279415,-0.10899464190006256,-0.00014268560335040092,-0.0032894924108404664,-0.00010998584330081939,215.998,191.999,79.997,"0.03,0.06,-1.06,0.45,0.02,-0.08,100614,24.4"
6.973113300045952,0.06430805549025535,0.0707599937915802,-0.14896399974823,0.001946229627355933,-0.0006943611253518612,-0.00014952234923839569,215.998,191.999,79.997,"0.02,0.05,-1.06,0.57,0.02,-0.08,100610,24.4"
7.067091700038873,0.04202463552355766,0.05037310365587473,-0.18820844292640687,0.0011578168254345656,-0.0006873731559608132,0.00041696709231473503,215.998,191.999,79.997,"0.02,0.05,-1.06,0.57,0.08,-0.02,100622,24.4"
7.161073100054637,0.05279372856020927,0.005031713098287582,-0.18176185190677643,-0.0004346217727288604,-0.0022185306064784528,0.0006153380905743689,215.998,191.999,79.997,"0.02,0.06,-1.06,0.57,-0.04,-0.14,100623,24.4"
7.255119999987073,0.043147228099405764,0.07831139639019966,-0.17406970709562303,0.002180567616596818,8.4151909686625e-05,0.00011200475710211321,215.998,191.999,79.997,"0.02,0.06,-1.06,0.70,-0.04,-0.14,100614,24.4"
7.3500835000304505,0.06068863943219185,0.025630120560526846,-0.14510689675807953,0.00033518883865326645,-0.001719365525059402,0.00022287553292699158,215.998,191.999,79.997,"0.02,0.06,-1.06,0.64,0.02,-0.14,100617,24.4"
7.4451111000962555,0.04161322023719549,0.05035595819354057,-0.17009313851594926,0.0012086195521987975,-0.0004921644984278827,0.00029126929002813994,215.998,191.999,79.997,"0.02,0.05,-1.06,0.70,-0.04,-0.14,100613,24.4"
7.539085500058718,0.06682786298915744,0.0009700275957584381,-0.13439009338617325,-0.0004931928822770714,-0.0024804428685456514,0.00032194725354202093,215.998,191.999,79.997,"0.02,0.06,-1.06,0.64,0.02,-0.08,100614,24.4"
7.633166900021024,0.09426037222146988,0.012638121470808983,-0.09932995215058327,7.965581025928258e-05,-0.003011709381826222,-0.00021945716580376028,215.998,191.999,79.997,"0.02,0.05,-1.06,0.64,-0.04,-0.20,100618,24.4"
7.727106300066225,0.10581021457910537,0.016355625167489053,-0.07526497393846512,0.0002617909340187907,-0.003221268765628338,-0.00042795066838152707,215.998,191.999,79.997,"0.02,0.05,-1.06,0.64,-0.04,-0.08,100620,24.4"
7.821098700049333,0.05193948224186897,0.047845059633255006,-0.15723309218883513,0.0011331930290907621,-0.0009801736916415394,0.00017535580846015364,215.998,191.999,79.997,"0.02,0.05,-1.06,0.70,0.02,-0.08,100608,24.4"
7.9511167000746354,0.04896510960534215,0.04315449148416519,-0.1572512924671173,0.0009339099400676787,-0.0008317113388329744,0.00027921926812268794,215.998,192.021,79.997,"0.02,0.05,-1.06,0.64,0.02,-0.02,100616,24.4"
8.10014500003308,0.094145130738616,-0.005469911172986031,-0.18415794968605043,-0.0006335759535431862,-0.003347092785406858,0.00022267784224823118,215.998,192.495,79.997,"0.02,0.06,-1.06,0.70,-0.04,-0.08,100621,24.4"
8.20311360002961,0.05961580537259579,0.04541439935564995,-0.24699435830116273,0.0010545129887759685,-0.0010377855214755982,0.0003570851113181561,215.998,192.499,79.997,"0.02,0.05,-1.06,0.82,0.02,-0.08,100618,24.4"
8.297148499987088,0.06487384364008904,0.07127354331314564,-0.22222562730312348,0.0019928310182876887,-0.0006419260404072702,-1.4951517368899658e-05,215.998,192.499,79.997,"0.02,0.06,-1.06,0.82,-0.11,-0.14,100620,24.4"
8.391126500093378,0.10807160586118698,-0.0027979232370853426,-0.1634066581726074,-0.0006384396227076649,-0.003526308899745345,-0.00011506681330502034,215.998,192.499,79.997,"0.02,0.06,-1.06,0.82,-0.04,-0.02,100620,24.4"
8.486088000005111,0.09496433362364769,0.05086658485233784,-0.16678452342748643,0.001320940547157079,-0.0017577409846126102,-0.0003527978202328086,215.998,192.499,79.997,"0.02,0.06,-1.06,0.82,-0.04,-0.14,100616,24.4"
8.581117600086145,0.10145170837640763,0.03319808691740036,-0.15774133205413818,0.0006729059154167771,-0.002194947295356542,-0.0003681895788758993,215.998,192.499,79.997,"0.02,0.06,-1.06,0.82,-0.04,-0.14,100614,24.4"
8.675091300043277,0.0561325928196311,0.03516998551785946,-0.222520649433136,0.0006702193990349769,-0.0010598378954455256,0.0002993300906382501,215.998,192.499,79.997,"0.02,0.06,-1.06,0.76,-0.11,-0.08,100624,24.4"
8.768098000087775,0.08186848312616349,0.0117016289383173,-0.18840859532356263,-0.00016060902271419764,-0.0022253547482250723,0.00010644660796970129,215.998,192.499,79.997,"0.02,0.06,-1.06,0.88,-0.11,-0.08,100616,24.4"
8.863109400030226,0.05743549875915051,0.018652861937880516,-0.23296959400177003,-5.124483723193407e-05,-0.0016211841488257051,0.0005087541387183592,215.998,192.499,79.997,"0.03,0.06,-1.06,0.76,-0.04,-0.14,100617,24.4"
8.957105800043792,0.04212645664811134,0.08050101175904274,-0.24376446306705474,0.002214544010348618,0.00038443093217210844,0.0001966517331311479,215.998,192.499,79.997,"0.02,0.06,-1.06,0.88,-0.11,-0.08,100617,24.4"
9.052129800082184,0.04105699472129345,0.034742023423314096,-0.24710687696933747,0.0005305847385898233,-0.0007008459651842713,0.0005730909644626081,215.998,192.499,79.997,"0.02,0.06,-1.06,0.94,-0.04,-0.08,100628,24.4"
9.146101800026372,0.03164596278220415,0.07178156450390816,-0.2672771692276001,0.0017068407032638788,0.00042740348726511,0.0005173985904548317,215.998,192.611,79.997,"0.02,0.06,-1.06,0.27,0.14,-0.08,100620,24.4"
9.255172400036827,0.09552059434354306,0.032190313562750816,-0.2736989915370941,0.0005873350193724037,-0.0020446427632123234,-2.012195764109492e-05,215.998,192.995,79.997,"0.02,0.06,-1.06,0.88,0.02,-0.08,100619,24.4"
9.348189200041816,0.07454666495323181,0.029096456617116927,-0.3122464716434479,0.0003720034030266106,-0.0015385354985482992,0.00033327593409921975,215.998,192.999,79.997,"0.02,0.06,-1.06,0.88,-0.04,-0.14,100630,24.4"
9.442129600094631,0.11367842257022857,0.022366417199373247,-0.2433580368757248,0.00028828473296016455,-0.002806369075551629,-0.00020205079345032574,215.998,192.999,79.997,"0.02,0.06,-1.06,1.06,-0.11,-0.08,100625,24.4"
9.53610920009669,0.050450120121240616,0.06990951783955097,-0.3294244289398193,0.0018220889149233698,0.00019917532335966825,0.0003955852811486693,215.998,192.999,79.997,"0.02,0.06,-1.06,0.88,-0.04,-0.08,100615,24.4"
9.630161000066437,0.10351561158895492,0.02727109268307686,-0.23838139474391937,0.0003250988433137536,-0.0020833001588471236,-0.00024133657570928334,215.998,192.999,79.997,"0.02,0.05,-1.06,0.94,-0.04,-0.08,100618,24.4"
9.725128900026903,0.11089068949222565,0.021340016275644302,-0.23774615824222564,0.0002937853103503585,-0.002679550013272092,-0.0001970492652617395,215.998,192.999,79.997,"0.03,0.06,-1.06,0.94,-0.04,-0.14,100621,24.4"
9.819166400004178,0.04706214927136898,0.04389809034764767,-0.32961955964565276,0.0007939439383335412,-0.0001890894491225481,0.0005773579003289341,215.998,192.999,79.997,"0.03,0.06,-1.06,0.94,-0.04,-0.14,100617,24.4"
9.913148000021465,0.04332611598074436,0.05092431455850601,-0.3270554423332214,0.0009438963374122977,9.385595330968499e-05,0.0005840238591190428,215.998,192.999,79.997,"0.02,0.06,-1.06,1.12,-0.04,-0.08,100616,24.4"
10.007128500030376,0.08144893087446689,0.0381306067109108,-0.2693281233310699,0.0008230771403759718,-0.0014084268012084066,0.00012464009341783822,215.998,192.999,79.997,"0.03,0.06,-1.06,1.00,-0.04,-0.20,100620,24.4"
10.10116790002212,0.07898122444748878,0.029142504557967186,-0.28415259122848513,0.0004640952334739268,-0.0016695782775059342,0.00023120195837691426,215.998,192.999,79.997,"0.02,0.05,-1.06,1.12,-0.11,-0.08,100614,24.4"
10.195150800049305,0.07214025259017945,0.04081787317991257,-0.2722644031047821,0.0008376759942620993,-0.0010578596964478492,0.00017551486380398273,215.998,192.999,79.997,"0.02,0.05,-1.06,1.06,-0.11,-0.08,100616,24.4"
10.289126200019382,0.082944355905056,0.046006399765610696,-0.2661107420921326,0.0011048620333895087,-0.0013355539849726483,5.373509484343231e-05,215.998,193.043,79.997,"0.03,0.06,-1.06,0.70,0.08,-0.08,100612,24.4"
10.38815550005529,0.08774609118700027,0.07905137985944748,-0.36139299273490905,0.0022235642885789276,-8.752783760428429e-05,-0.00013813326659146697,215.998,193.495,79.997,"0.02,0.05,-1.06,1.06,-0.11,-0.08,100620,24.4"
10.488153900019825,0.06412075683474541,0.08430440649390221,-0.42089520692825316,0.002349888882599771,0.00041608230676501987,0.00029126358858775345,215.998,193.499,79.997,"0.02,0.06,-1.06,1.19,-0.11,-0.20,100616,24.4"
10.58215580007527,0.10033827126026154,0.06621177420020104,-0.35110157132148745,0.0018232128815725446,-0.0009117682813666761,-0.0001203334570163861,215.998,193.499,79.997,"0.02,0.06,-1.06,1.19,-0.11,-0.14,100632,24.4"
10.676131200045347,0.09719488769769669,0.04302587620913982,-0.3477969229221344,0.0009639605297707022,-0.0014258696406614035,2.9329358949325978e-05,215.998,193.499,79.997,"0.02,0.06,-1.06,1.06,-0.11,-0.14,100620,24.4"
10.770157500053756,0.08344366997480393,0.02750498168170452,-0.36564512848854064,0.0003884023521095514,-0.0014084565918892622,0.0003222162136808038,215.998,193.499,79.997,"0.03,0.06,-1.06,1.25,-0.11,-0.14,100615,24.4"
10.86414690001402,0.1257344163954258,0.03693497963249683,-0.31320451498031615,0.0007581241661682725,-0.0023935574339702726,-0.00032229082426056267,215.998,193.499,79.997,"0.03,0.06,-1.06,1.12,-0.11,-0.08,100616,24.4"
10.95919560000766,0.11952223032712936,0.015027251094579697,-0.3169018805027008,6.91551947966218e-05,-0.0028375287540256975,-4.962958046235144e-05,215.998,193.499,79.997,"0.02,0.06,-1.06,1.12,-0.04,-0.08,100614,24.4"
11.054130100063048,0.06670777052640915,0.060234205424785615,-0.38601961731910706,0.0013505945913493632,-5.121782887727022e-05,0.00033710159914335236,215.998,193.499,79.997,"0.02,0.06,-1.06,1.19,-0.11,-0.08,100616,24.4"
11.148180400021374,0.10452715083956718,0.051674998551607135,-0.3218610048294067,0.0013134704669937492,-0.0014058630680665375,-0.00019398760923650116,215.998,193.499,79.997,"0.03,0.06,-1.06,1.19,-0.04,-0.14,100624,24.4"
11.242153500090353,0.13474215269088746,-0.008584489300847053,-0.2909819483757019,-0.0007497617509216071,-0.0038157075643539427,-0.0001500628888607025,215.998,193.499,79.997,"0.03,0.06,-1.06,1.19,-0.04,-0.14,100618,24.4"
11.336174500058405,0.07655805572867394,0.00450129322707653,-0.3800734758377075,-0.0005221462110057473,-0.001951704395469278,0.0006771448533982038,215.998,193.499,79.997,"0.02,0.06,-1.06,1.25,-0.11,-0.20,100624,24.4"
11.430183300049976,0.10183999985456467,0.01775109991431236,-0.33210077285766604,-7.744578178972005e-05,-0.0021002147346735,9.773734491318465e-05,215.998,193.973,79.997,"0.02,0.06,-1.06,1.19,-0.23,-0.14,100614,24.4"
11.596196400001645,0.1100212886929512,0.033190438896417616,-0.45691085457801817,0.0006406184984371066,-0.001446477964054793,0.00010426035732962191,215.998,193.999,79.997,"0.03,0.06,-1.06,1.19,-0.11,-0.02,100623,24.4"
11.69016300002113,0.09949830323457717,0.03458077274262905,-0.4536121666431427,0.0006807565456256271,-0.001276489533483982,0.0002480332856066525,215.998,193.999,79.997,"0.02,0.06,-1.06,1.25,-0.17,-0.14,100615,24.4"
11.784140600007959,0.10945935845375061,0.0009433563798666,-0.4373503804206848,-0.00038025814574211837,-0.0024495071498677134,0.0003084116615355015,215.998,193.999,79.997,"0.02,0.06,-1.06,1.31,-0.11,-0.08,100612,24.4"
11.878175000078045,0.09447751194238663,0.02883654423058033,-0.45707292556762696,0.0005196376936510205,-0.0013864430133253337,0.00036829692835453897,215.998,193.999,79.997,"0.02,0.06,-1.06,1.19,-0.11,-0.08,100626,24.4"
11.972200500080362,0.12694549262523652,0.0065441343933343886,-0.39488586187362673,-0.00014659150037914513,-0.0029384880093857647,2.151633962057531e-05,215.998,193.999,79.997,"0.02,0.06,-1.06,1.31,-0.23,-0.14,100614,24.4"
12.067189400084317,0.10497238934040069,0.016207994893193245,-0.4324211835861206,4.2254501022398475e-05,-0.0018553942441940307,0.00019147605926264077,215.998,193.999,79.997,"0.02,0.06,-1.06,1.37,-0.17,-0.08,100621,24.4"
12.16019339999184,0.08864523321390153,0.019560355693101883,-0.4600779116153717,0.00021431653294712305,-0.0015852728742174805,0.000574422997306101,215.998,193.999,79.997,"0.03,0.06,-1.06,1.31,-0.11,-0.14,100620,24.4"
12.254158900002949,0.09172696471214295,0.04742272198200226,-0.4332572638988495,0.0011228400748223067,-0.0006752152927219868,0.0001751111733028665,215.998,193.999,79.997,"0.03,0.06,-1.06,1.31,-0.11,-0.14,100618,24.4"
12.348142300033942,0.11392954289913178,0.007839415594935418,-0.41219669580459595,-0.00019449680112302304,-0.002538893581368029,0.00023304219357669353,215.998,193.999,79.997,"0.02,0.06,-1.06,1.31,-0.11,-0.08,100623,24.4"
12.442187300068326,0.08885237127542496,0.056319335103034975,-0.4400720655918121,0.0016270822379738092,-0.0006080160732381046,0.0002446764556225389,215.998,193.999,79.997,"0.02,0.06,-1.06,1.31,-0.11,-0.08,100626,24.4"
12.53421429998707,0.11302942931652069,0.0187198031693697,-0.40919036269187925,0.0002144734375178814,-0.002258031372912228,0.00012113780248910189,215.998,193.999,79.997,"0.02,0.06,-1.06,1.31,-0.17,-0.14,100622,24.4"
12.627201800001785,0.10357425957918168,0.011667946726083756,-0.48249911069869994,-1.8461770378053188e-05,-0.0019397975644096731,0.0004080397658981383,215.998,194.495,79.997,"0.02,0.06,-1.06,1.19,-0.17,-0.08,100715,24.4"
12.769151500076987,0.11334270760416984,0.009324804693460465,-0.5433283448219299,-5.4968497715890406e-05,-0.0019627387169748544,0.0003605995909310877,215.998,194.499,79.997,"0.03,0.06,-1.06,1.37,-0.17,-0.14,100602,24.4"
12.863219500053674,0.11639128476381302,0.01689353659749031,-0.5237069487571716,0.00022834213450551033,-0.0018831696128472687,0.00026035482296720146,215.998,194.499,79.997,"0.02,0.06,-1.06,1.25,-0.04,-0.20,100630,24.4"
12.957191900000907,0.1284058630466461,0.009002083912491798,-0.49850934743881226,-3.5596173256635665e-05,-0.0022081530536524952,6.748792948201299e-05,215.998,194.499,79.997,"0.02,0.06,-1.06,1.25,-0.11,-0.08,100609,24.4"
13.051158100017346,0.11825645416975021,0.03503207191824913,-0.5104895293712616,0.0009208898060023785,-0.001576959143858403,9.880332800094038e-05,215.998,194.499,79.997,"0.02,0.06,-1.06,1.37,-0.29,-0.14,100613,24.4"
13.1451953999931,0.12027878761291504,0.048213903233408927,-0.49784194827079775,0.0014487950829789042,-0.0011706119170412422,-9.18352568987757e-05,215.998,194.499,79.997,"0.03,0.06,-1.06,1.31,-0.11,-0.08,100621,24.4"
13.238195099984296,0.07899982705712319,0.02259792499244213,-0.5583115816116333,0.0002776295877993107,-0.0006898532854393124,0.0007719465997070074,215.998,194.499,79.997,"0.02,0.06,-1.06,1.31,-0.17,-0.14,100610,24.4"
13.332177100004628,0.12494484931230546,0.026332125812768937,-0.47277011871337893,0.0006619635038077831,-0.0017355596413835884,-7.608127198182047e-05,215.998,194.499,79.997,"0.03,0.06,-1.06,1.37,-0.17,-0.14,100622,24.4"
13.427198200020939,0.099443918466568,0.052446649968624116,-0.5270091414451599,0.0014510755892843008,-0.000641870778053999,0.0001946161384694278,215.998,194.499,79.997,"0.03,0.06,-1.06,1.37,-0.11,0.04,100609,24.4"
13.520226299995556,0.1453922852873802,-0.01887594424188137,-0.46747899055480957,-0.0010274743428453803,-0.0035913805942982433,0.00011791008291766048,215.998,194.499,79.997,"0.03,0.06,-1.06,1.31,-0.17,-0.08,100613,24.4"
13.614181500044651,0.12125867307186126,0.05095529854297638,-0.48813149333000183,0.0013751815073192119,-0.001128566067200154,-0.00011519048130139708,215.998,194.499,79.997,"0.03,0.06,-1.06,1.37,-0.17,-0.08,100621,24.4"
13.707179200020619,0.13059314489364623,-0.013489746674895286,-0.47478514313697817,-0.0007792356656864286,-0.003029498481191695,0.0002666439686436206,215.998,194.641,79.997,"0.03,0.06,-1.06,0.21,0.38,0.04,100751,24.4"
13.8292087999871,0.12553419917821884,0.029875393584370614,-0.6294886946678162,0.0006428118795156479,-0.00132395604159683,0.00015100438613444567,215.998,194.995,79.997,"0.03,0.06,-1.06,1.06,-0.11,-0.02,101462,24.4"
13.921229500090703,0.1297652617096901,-0.00709826685488224,-0.6193348646163941,-0.0004866656847298145,-0.002554689161479473,0.0004472047323361039,215.998,194.999,79.997,"0.02,0.06,-1.06,1.12,-0.17,-0.08,101378,24.4"
14.015189200057648,0.112221160531044,0.04178607352077961,-0.6326091051101684,0.001092220819555223,-0.0008068559924140573,0.00029690140800084917,215.998,194.999,79.997,"0.02,0.06,-1.06,1.25,-0.23,-0.14,101388,24.4"
14.108223200077191,0.142222061753273,0.018794383853673935,-0.5791325211524964,0.0005007168976590038,-0.002154692029580474,-3.26283392496407e-05,215.998,194.999,79.997,"0.03,0.06,-1.06,1.06,-0.11,-0.08,101349,24.4"
14.202172200079076,0.13553854823112488,-0.006135482341051102,-0.584952425956726,-0.0003714065067470074,-0.0024921957170590757,0.00027457153191789985,215.998,194.999,79.997,"0.02,0.06,-1.06,1.19,-0.23,-0.08,101337,24.4"
14.296210100059398,0.1215699166059494,0.014551474899053573,-0.6018850684165955,0.00012046319898217916,-0.0014207844622433185,0.0002940524602308869,215.998,194.999,79.997,"0.03,0.06,-1.06,1.19,-0.17,-0.08,101333,24.4"
14.390188500052318,0.133053819835186,0.02122013717889786,-0.5736658334732055,0.0005071434658020735,-0.0017849692143499852,4.800558090209961e-05,215.998,194.999,79.997,"0.02,0.06,-1.06,1.19,-0.17,-0.14,101315,24.4"
14.483191000064835,0.12853633165359496,0.03004043847322464,-0.5832301020622254,0.0007960809627547861,-0.001395158632658422,0.00010668677277863026,215.998,194.999,79.997,"0.02,0.06,-1.06,1.25,-0.17,-0.08,101321,24.4"
14.576178200077266,0.12341486364603042,0.021512813866138458,-0.5835071086883545,0.0005600445438176394,-0.0016223640181124211,0.00023446348495781422,215.998,194.999,79.997,"0.03,0.06,-1.06,1.19,-0.17,-0.08,101313,24.4"
14.670240400009789,0.13552255928516388,0.030195556581020355,-0.5585708141326904,0.0008611587341874838,-0.0017222318798303603,-5.206920905038714e-05,215.998,194.999,79.997,"0.03,0.06,-1.06,1.12,-0.17,-0.02,101300,24.4"
14.764204600010999,0.11203410029411316,0.012188783660531045,-0.6089708268642425,0.00010053673759102821,-0.0016732600750401616,0.0005036857910454273,215.998,194.999,79.997,"0.02,0.06,-1.06,1.31,-0.23,-0.14,101317,24.4"
14.8582211000612,0.11919339150190353,0.01996283382177353,-0.5936227440834045,0.00042224607896059754,-0.0016058019828051329,0.00035929169098380953,215.998,195.067,79.997,"0.03,0.06,-1.06,0.21,0.20,-0.08,101345,24.4"
14.964223999995738,0.11853461265563965,0.012824814766645432,-0.7420844078063965,0.00015857461839914323,-0.0009880204452201724,0.0005396181251853705,215.998,195.495,79.997,"0.03,0.06,-1.06,0.88,-0.11,-0.02,102199,24.4"
15.058203099993989,0.1414656162261963,0.010885493457317352,-0.6993745684623718,0.00024715447798371313,-0.0016361701767891646,0.00015731608727946876,215.998,195.499,79.997,"0.02,0.06,-1.06,1.12,-0.29,-0.14,102098,24.4"
15.151215100078844,0.12016239017248154,0.028898951411247254,-0.7276106476783752,0.0008664555149152875,-0.0010334451915696263,0.0004420671262778342,215.998,195.499,79.997,"0.03,0.06,-1.06,1.06,-0.23,-0.14,102095,24.4"
15.245180100086145,0.1470438152551651,0.015010703355073929,-0.6653859257698059,0.00044821384362876416,-0.0018210214795544744,3.1839736038818955e-05,215.998,195.499,79.997,"0.03,0.06,-1.06,0.94,-0.23,-0.08,102032,24.4"
15.339229500037618,0.14366975724697112,0.022466720640659334,-0.6710966348648071,0.0005272552603855729,-0.0015165581135079265,4.18035255279392e-05,215.998,195.499,79.997,"0.03,0.06,-1.06,1.12,-0.23,-0.08,102033,24.4"
15.433204400003888,0.14100187718868257,0.02396646961569786,-0.6704989314079285,0.0005904589546844363,-0.0014718804508447648,3.539341560099274e-05,215.998,195.499,79.997,"0.03,0.06,-1.06,1.00,-0.17,-0.14,102029,24.4"
15.527178800082766,0.12752050459384917,0.08722152039408684,-0.6716365456581116,0.00299219973385334,0.00030442953575402496,-0.0002446342026814818,215.998,195.499,79.997,"0.03,0.06,-1.06,1.00,-0.17,-0.02,101998,24.4"
15.62023780005984,0.12595979124307632,0.05892529934644699,-0.688359797000885,0.00184023673646152,-0.0003340017283335328,1.5414151130244135e-05,215.998,195.499,79.997,"0.03,0.06,-1.06,1.12,-0.23,-0.14,102005,24.4"
15.71323910006322,0.14398985654115676,0.043248040974140166,-0.6548821806907654,0.0014352915342897177,-0.0012591145699843765,-0.00012171854032203556,215.998,195.499,79.997,"0.02,0.06,-1.06,1.06,-0.23,-0.08,101998,24.4"
15.808208500035107,0.16009878367185593,-0.007378805428743362,-0.6259007453918457,-0.0003114903811365366,-0.0028670676285400985,-1.0218331590294838e-05,215.998,195.499,79.997,"0.02,0.06,-1.06,1.06,-0.29,-0.14,101980,24.4"
15.901201000087894,0.14133179783821107,-0.017524922639131545,-0.6585522055625915,-0.0008757340721786023,-0.0023188463877886535,0.0002945294138044119,215.998,195.499,79.997,"0.02,0.06,-1.06,1.06,-0.23,-0.14,101977,24.4"
15.995236900052987,0.14172522425651551,-0.01639464944601059,-0.656018078327179,-0.0007269295398145914,-0.0026180152548477055,0.0003545421757735312,215.998,195.505,79.997,"0.02,0.06,-1.06,1.06,-0.23,-0.08,101972,24.4"
16.09226100007072,0.14410171806812286,0.03947504758834839,-0.8005425214767456,0.0014004839584231376,-0.000773443072102964,2.3740407777950166e-05,215.998,195.995,79.997,"0.03,0.06,-1.06,0.64,-0.23,-0.14,102839,24.4"
16.201226100092754,0.14524364918470384,0.01724045127630234,-0.8203510165214538,0.0006045827176421881,-0.0014310430735349656,0.0003179771243594587,215.998,195.999,79.997,"0.03,0.06,-1.06,0.88,-0.29,-0.08,102747,24.4"
16.295199000043795,0.1841612696647644,-0.021189283207058908,-0.7325851440429687,-0.0005703991977497935,-0.0035430340562015773,-1.7099897377192974e-05,215.998,195.999,79.997,"0.03,0.06,-1.06,0.88,-0.41,-0.08,102731,24.4"
16.389246000093408,0.16271669864654542,-0.00828111618757248,-0.7504943490028382,-0.00037763405125588176,-0.0023880671709775926,3.712701145559549e-05,215.998,195.999,79.997,"0.03,0.06,-1.06,0.76,-0.29,-0.08,102686,24.4"
16.48322460008785,0.15448173880577087,0.00938136875629425,-0.7698886156082153,0.0002887626877054572,-0.0019917285768315195,0.00020436842460185288,215.998,195.999,79.997,"0.02,0.06,-1.06,0.94,-0.35,-0.14,102666,24.4"
16.576217100024223,0.15558945685625075,0.017677328363060952,-0.7555000424385071,0.0006240608403459191,-0.0015903971157968043,5.877680378034711e-05,215.998,195.999,79.997,"0.02,0.06,-1.06,0.94,-0.29,-0.08,102671,24.4"
16.670207199989818,0.10770410299301147,0.037761053442955016,-0.8298704981803894,0.0011156908003613353,3.997136373072863e-05,0.0006237661640625447,215.998,195.999,79.997,"0.03,0.06,-1.06,0.76,-0.23,-0.08,102632,24.4"
16.76426630001515,0.17487762421369552,0.01885547935962677,-0.717490017414093,0.0006448605796322227,-0.002234972361475229,-0.00032117662485688927,215.998,195.999,79.997,"0.03,0.06,-1.06,0.94,-0.29,-0.08,102633,24.4"
16.858232900034636,0.16450537145137786,0.02772596925497055,-0.7291043043136597,0.0009780785767361522,-0.0016717057675123214,-0.00019138724892400205,215.998,195.999,79.997,"0.03,0.06,-1.06,0.94,-0.29,-0.14,102637,24.4"
16.951220000046305,0.12780168205499648,0.08417043387889862,-0.7794673681259155,0.0029845877783373,0.000543465232476592,1.7000612569972872e-05,215.998,195.999,79.997,"0.03,0.06,-1.06,1.00,-0.29,-0.08,102617,24.4"
17.044207200058736,0.15324205458164214,0.058472900092601775,-0.7456922054290771,0.00216466449201107,-0.0007904741447418928,-0.00018297426286153495,215.998,195.999,79.997,"0.03,0.06,-1.06,1.00,-0.35,-0.08,102616,24.4"
17.137243600096554,0.1657412216067314,-0.024509623274207117,-0.7295876622200013,-0.0008402485167607665,-0.003126973519101739,0.0002570675453171134,215.998,196.009,79.997,"0.03,0.06,-1.06,0.76,-0.29,-0.14,102609,24.4"
17.237220000009984,0.18159847855567932,-0.015377852693200111,-0.8763570785522461,-0.00045073316432535647,-0.0028520756866782905,9.76633164100349e-05,215.998,196.491,79.997,"0.03,0.06,-1.06,-0.10,-0.59,-0.08,103463,24.4"
17.33021250006277,0.15903505682945251,0.059140683710575105,-0.9163441777229309,0.002183615788817406,-0.00030141102615743876,-5.908521125093102e-05,215.998,196.499,79.997,"0.03,0.06,-1.06,0.33,-0.78,-0.08,103390,24.4"
17.42320960003417,0.16218494027853012,0.0003948807716369629,-0.890558922290802,4.685656167566776e-05,-0.0017335022799670695,0.0002147266292013228,215.998,196.499,79.997,FPS: 740
17.51623780000955,0.19236104786396027,-0.034695171564817426,-0.8468217134475708,-0.0012238666182383894,-0.003561818040907383,0.00014312014682218432,215.998,196.499,79.997,"0.03,0.06,-1.06,0.33,-0.59,-0.14,103297,24.4"
17.61024940002244,0.14675927460193633,0.031748538464307786,-0.8959433197975158,0.0011582617182284594,-0.0008504212135449051,0.0002950655645690858,215.998,196.499,79.997,"0.03,0.06,-1.06,0.33,-0.53,-0.14,103311,24.4"
17.70325960009359,0.1476264327764511,0.040127167105674745,-0.8868996858596802,0.0015821059932932258,-0.000647808751091361,0.00027577915461733936,215.998,196.499,79.997,"0.03,0.06,-1.06,0.21,-0.47,-0.14,103269,24.4"
17.797231000033207,0.1659986764192581,0.0039362311363220215,-0.8568007707595825,0.00019811824895441533,-0.0019095186609774828,0.00019308944465592503,215.998,196.499,79.997,"0.03,0.06,-1.06,0.45,-0.59,-0.08,103276,24.4"
17.891295499983244,0.163126078248024,0.015032732486724853,-0.8475967526435852,0.0005085217067971826,-0.001424194360151887,7.860917830839753e-05,215.998,196.499,79.997,"0.03,0.06,-1.06,0.27,-0.53,-0.14,103266,24.3"
17.98525949998293,0.12923090904951096,0.08412171974778175,-0.9040863037109375,0.0028331652050837875,0.0009098951239138841,0.00017074848292395473,215.998,196.499,79.997,"0.03,0.06,-1.06,0.33,-0.47,-0.14,103242,24.3"
18.079230200033635,0.1661140263080597,-0.0013168647885322571,-0.8511996626853943,2.0082853734493255e-05,-0.0022253168048337103,0.00020561949349939823,215.998,196.499,79.997,"0.03,0.06,-1.06,0.33,-0.59,-0.14,103244,24.4"
18.173278300091624,0.1837809294462204,-0.01589044779539108,-0.8113997340202331,-0.00035969775635749104,-0.002972800191491842,1.3765157200396061e-05,215.998,196.499,79.997,"0.03,0.07,-1.06,0.33,-0.53,-0.14,103245,24.4"
18.266279800096527,0.13125243335962294,0.017674925178289412,-0.8981730103492737,0.0005799778271466493,-0.0008810329483821989,0.0006502799456939101,215.998,196.499,79.997,"0.03,0.06,-1.06,0.39,-0.53,-0.08,103232,24.4"
18.37126630009152,0.16793329119682313,0.04926057830452919,-1.0115557789802552,0.00183017544914037,-0.0005085114622488618,8.451941539533436e-05,215.998,196.987,79.997,"0.03,0.06,-1.06,-0.95,-1.20,0.04,104074,24.4"
18.464261600049213,0.20202192664146423,-0.0025216281414031983,-1.0037339448928833,6.976453587412835e-05,-0.00256642266176641,-9.860697900876403e-06,215.998,196.999,79.997,"0.03,0.06,-1.06,-0.58,-1.20,-0.02,104016,24.3"
18.557249400066212,0.172837033867836,0.026904147863388062,-1.0208983302116394,0.0010106089059263468,-0.0009558724705129862,0.00015028101042844356,215.998,196.999,79.997,"0.03,0.06,-1.06,-0.77,-0.96,-0.08,103925,24.4"
18.65024650003761,0.14511347711086273,0.07468185499310494,-1.0364842414855957,0.002665006904862821,0.0009867412969470023,0.00015771029284223915,215.998,196.999,79.997,"0.03,0.07,-1.06,-0.52,-1.20,-0.02,103913,24.4"
18.744240100029856,0.20728757679462434,0.017188442498445512,-0.9372359156608582,0.0009586845058947802,-0.002359376009553671,-0.0003983199363574386,215.998,196.999,79.997,"0.03,0.07,-1.06,-0.71,-1.08,-0.08,103899,24.3"
18.838280100026168,0.19138879477977752,-0.023391511291265488,-0.9630892992019653,-0.0006644675740972161,-0.0028514176607131957,0.0002755063003860414,215.998,196.999,79.997,"0.03,0.07,-1.06,-0.71,-1.08,-0.02,103867,24.3"
18.932280800072476,0.1871910274028778,-0.019041983783245085,-0.9588764786720276,-0.0005935908760875463,-0.0027134152594953777,0.00025962532381527124,215.998,196.999,79.997,"0.03,0.06,-1.06,-0.52,-1.08,-0.14,103854,24.3"
19.026230100076646,0.15556915402412413,0.025268622487783433,-1.0028292298316956,0.0007791388081386686,-0.000518103875219822,0.0004244890296831727,215.998,196.999,79.997,"0.03,0.06,-1.06,-0.65,-1.08,-0.08,103851,24.3"
19.119256900041364,0.17257250100374222,0.03736445233225823,-0.9683581471443177,0.0014117827406153083,-0.0006970795802772045,4.497544141486287e-05,215.998,196.999,79.997,"0.03,0.07,-1.06,-0.52,-1.02,-0.08,103834,24.3"
19.21326960006263,0.17708708941936493,0.013779599964618684,-0.9624802947044373,0.00051417276263237,-0.0016873635351657868,0.00018845933955162763,215.998,196.999,79.997,"0.03,0.06,-1.06,-0.52,-1.08,-0.02,103841,24.4"
19.30627800000366,0.1271483451128006,0.04685090184211731,-1.020790159702301,0.001654046168550849,0.000840487889945507,0.000574399228207767,215.998,196.999,79.997,"0.03,0.06,-1.06,-0.58,-1.02,-0.08,103808,24.4"
19.400250400067307,0.1472441390156746,0.07556873857975006,-0.9963372945785522,0.0027207415318116547,0.0007887427695095539,0.00016567290294915437,215.998,196.999,79.997,"0.03,0.06,-1.06,-0.52,-1.08,-0.08,103816,24.4"
19.511269000009634,0.16314937472343444,0.0001526717096567154,-0.7936479568481445,-0.00011150895152240991,-0.0021347172325477002,0.0002701675053685904,215.998,196.509,79.997,"0.03,0.06,-1.06,-0.46,-0.78,-0.08,102857,24.4"
19.61028950009495,0.13826679438352585,0.07838351577520371,-0.7556219220161438,0.002784852171316743,0.0001976777333766222,-6.842363509349526e-05,215.998,196.501,79.997,"0.03,0.06,-1.06,-0.65,-0.78,-0.08,102879,24.3"
19.70426430006046,0.15246457904577254,0.0233696848154068,-0.7549998998641968,0.0007655650842934847,-0.0012618520762771369,0.00011970412451773882,215.998,196.501,79.997,"0.03,0.06,-1.06,-0.34,-0.96,-0.08,102915,24.3"
19.798266600002535,0.14217898100614548,0.05439255312085152,-0.7817448854446412,0.0017705903155729175,-0.00025591249577701093,9.106678189709782e-05,215.998,196.501,79.997,"0.03,0.06,-1.06,-0.52,-0.84,-0.20,102944,24.4"
19.892289399984293,0.17811036109924316,-0.005691045522689819,-0.7465956568717956,-0.0003303304314613342,-0.0029811632353812455,4.0891044773161414e-05,215.998,196.501,79.997,"0.03,0.06,-1.06,-0.40,-0.90,0.04,102927,24.3"
19.986274200025946,0.14568917751312255,0.04766727723181248,-0.7803791284561157,0.001593268127180636,-0.0006979815196245908,0.00014300162438303233,215.998,196.501,79.997,"0.02,0.07,-1.06,-0.34,-0.90,-0.08,102961,24.3"
20.079272600007243,0.11117833852767944,0.045420295745134356,-0.855286693572998,0.0012986423214897513,0.0004630063194781542,0.000722065061563626,215.998,196.501,79.997,"0.03,0.06,-1.06,-0.46,-0.78,-0.02,102950,24.4"
20.172263200045563,0.14774085879325866,-0.0008165087550878525,-0.7930071949958801,-6.977866869419813e-05,-0.0020592476474121215,0.0005056141642853617,215.998,196.501,79.997,"0.03,0.06,-1.06,-0.28,-0.96,-0.14,102962,24.4"
20.26627440005541,0.16064923256635666,0.0019270606338977815,-0.7707371711730957,-5.4696667939424513e-05,-0.0020598186179995536,0.00025820930022746325,215.998,196.501,79.997,"0.03,0.07,-1.06,-0.34,-0.90,-0.08,102964,24.3"
20.360302000073716,0.14254188388586045,0.01704477332532406,-0.8027140498161316,0.0004723643185570836,-0.0013152976287528872,0.00034775470267049967,215.998,196.501,79.997,"0.03,0.06,-1.06,-0.34,-0.84,-0.08,102961,24.4"
20.454268900095485,0.16362159997224807,0.005572256445884704,-0.7694454431533814,0.00020945987198501826,-0.0023044456727802755,0.000199968833476305,215.998,196.501,79.997,"0.03,0.06,-1.06,-0.28,-0.90,-0.02,102960,24.3"
20.54824410006404,0.144508396089077,0.051231810450553895,-0.7959250688552857,0.0016943575581535697,-0.0005596175091341138,0.00014549788320437074,215.998,196.501,79.997,"0.03,0.06,-1.06,-0.34,-0.96,-0.08,102987,24.4"
20.650284600094892,0.16356345564126967,0.04787614941596985,-0.6173925876617432,0.0015038860263302922,-0.001687935134395957,-0.00022145388647913932,215.998,196.011,79.997,"0.03,0.06,-1.06,-0.28,-0.59,-0.08,102040,24.3"
20.7502934000222,0.13795752972364425,0.036995820701122284,-0.603343391418457,0.0011825032765045763,-0.0013344776118174196,8.012767066247761e-05,215.998,196.001,79.997,"0.02,0.06,-1.06,-0.28,-0.65,-0.08,102060,24.4"
20.844278800068423,0.16268198788166047,0.01987018957734108,-0.5887529253959656,0.0006100853672251106,-0.002494708704762161,-0.00012160752667114138,215.998,196.001,79.997,"0.03,0.06,-1.06,-0.04,-0.78,-0.08,102113,24.3"
20.937278100056574,0.135896734893322,0.015510684251785279,-0.6494682908058167,0.00013824671041220426,-0.0017941716592758893,0.00042798941722139717,215.998,196.001,79.997,"0.02,0.06,-1.06,-0.28,-0.59,-0.02,102123,24.4"
21.031323999981396,0.1348017305135727,0.043908876925706865,-0.6441580891609192,0.0012296731118112802,-0.0009826769353821873,6.976341246627271e-05,215.998,196.001,79.997,"0.02,0.06,-1.06,-0.10,-0.72,-0.08,102132,24.4"
21.1243069000775,0.15122712254524232,0.012306702136993409,-0.6229366779327392,0.0002328970702365041,-0.0022046718280762435,0.000170395482564345,215.998,196.001,79.997,"0.03,0.06,-1.06,-0.10,-0.78,-0.08,102173,24.4"
21.218294500024058,0.15409736037254335,0.016433106362819673,-0.6247046828269959,0.00048536283429712057,-0.0020926440600305797,9.659281931817532e-06,215.998,196.001,79.997,"0.03,0.06,-1.06,-0.16,-0.65,-0.02,102166,24.4"
21.312281800084747,0.12377460300922394,0.0641480416059494,-0.6536723613739014,0.0020195118384435775,9.261954110115767e-05,8.974775555543601e-05,215.998,196.001,79.997,"0.03,0.06,-1.06,-0.10,-0.78,-0.08,102172,24.4"
21.40529270004481,0.1353003978729248,0.0416918583214283,-0.6484043598175049,0.0013270220486447215,-0.0009536364348605275,7.743449532426894e-05,215.998,196.001,79.997,"0.02,0.06,-1.06,-0.10,-0.78,-0.08,102183,24.4"
21.49931480002124,0.13105548769235612,-0.004862898960709572,-0.6673839569091797,-0.0005312450230121613,-0.0019620790146291254,0.0005771053023636341,215.998,196.001,79.997,"0.03,0.06,-1.06,-0.10,-0.72,-0.08,102177,24.4"
21.592307200073265,0.14104137420654297,0.021761832386255266,-0.6409528732299805,0.000617177807725966,-0.0014497094321995973,0.00015462167793884874,215.998,196.001,79.997,"0.03,0.06,-1.06,0.03,-0.72,-0.14,102192,24.4"
21.685297399992123,0.15081324875354768,0.026900537312030792,-0.6327474594116211,0.0007517118472605943,-0.0016776416450738907,-3.614795859903097e-05,215.998,196.001,79.997,"0.03,0.06,-1.06,-0.04,-0.78,-0.08,102194,24.4"
21.785318200010806,0.12325635552406311,0.022051848471164703,-0.561116886138916,0.0003852338530123234,-0.0015148562844842673,0.00041283038444817066,215.998,195.515,79.997,"0.02,0.06,-1.06,-0.22,-0.53,-0.08,101269,24.4"
21.883301299996674,0.13351358771324157,0.03504057377576828,-0.4794942021369934,0.000967430230230093,-0.0014540048548951745,-2.1787924924865366e-05,215.998,195.501,79.997,"0.02,0.06,-1.06,-0.10,-0.53,-0.08,101287,24.4"
21.97831340006087,0.13256540298461914,0.08965681046247483,-0.49755226373672484,0.003059926861897111,-0.00010430586989969015,-0.0003776411118451506,215.998,195.501,79.997,"0.03,0.06,-1.06,0.09,-0.59,-0.14,101336,24.4"
22.07231449999381,0.13557863533496856,0.0012340009212493896,-0.5148615956306457,-0.00029288637451827524,-0.0022178492741659283,0.000244532449869439,215.998,195.501,79.997,"0.03,0.06,-1.06,-0.04,-0.53,-0.08,101349,24.4"
22.167327400064096,0.1686297982931137,-0.013501916453242302,-0.4652859091758728,-0.0005891243461519479,-0.0038124958984553812,-9.831490460783243e-05,215.998,195.501,79.997,"0.03,0.06,-1.06,0.09,-0.65,-0.20,101364,24.4"
22.26130410004407,0.136311337351799,0.03457986190915108,-0.5215131103992462,0.0008251895895227789,-0.001417578593827784,-4.435215378180146e-05,215.998,195.501,79.997,"0.02,0.06,-1.06,0.03,-0.59,-0.14,101395,24.4"
22.354314500000328,0.13083670437335967,0.04357417076826096,-0.532293027639389,0.0011776595376431942,-0.0010481393430382014,5.023874109610915e-05,215.998,195.501,79.997,"0.02,0.06,-1.06,0.09,-0.65,-0.08,101388,24.4"
22.448275900096633,0.12770410925149916,0.021891865134239196,-0.537071818113327,0.0004280690103769302,-0.0017210375750437378,0.00026175880921073256,215.998,195.501,79.997,"0.03,0.06,-1.06,0.15,-0.59,-0.02,101396,24.4"
22.54233780002687,0.10908625721931457,0.07271114885807037,-0.5675950407981872,0.002205682685598731,0.00016720022540539503,8.674085838720203e-05,215.998,195.501,79.997,"0.03,0.06,-1.06,0.09,-0.65,-0.08,101418,24.4"
22.635319199995138,0.13601841926574706,0.04686796069145203,-0.5299878656864166,0.001400821702554822,-0.0011759128887206317,-0.00010784899932332337,215.998,195.501,79.997,"0.03,0.06,-1.06,0.21,-0.59,-0.14,101422,24.4"
22.729320000042208,0.12192964106798172,0.024276186153292655,-0.5612911999225616,0.0006425829837098717,-0.001648637419566512,0.0003929133294150233,215.998,195.501,79.997,"0.02,0.06,-1.06,0.09,-0.72,-0.02,101437,24.4"
22.82229759998154,0.10932405889034272,0.0396716445684433,-0.5817933440208435,0.0008995733456686139,-0.0007298655342310667,0.0004329236428020522,215.998,195.501,79.997,"0.02,0.06,-1.06,0.15,-0.65,-0.08,101440,24.4"
22.929315200075507,0.09955623745918274,0.049553827941417695,-0.4631210744380951,0.001385528687387705,-0.0005554346716962755,0.0003787962341448292,215.998,195.009,79.997,"0.02,0.06,-1.06,0.09,-0.53,-0.02,100542,24.4"
23.032348399981856,0.09387667626142501,0.07798087522387505,-0.44012641310691836,0.0023548054974526166,0.0002802587463520467,0.0001548243366414681,215.998,195.001,79.997,"0.02,0.06,-1.06,0.03,-0.41,-0.08,100562,24.4"
23.126314099994488,0.11362601220607757,-0.0016811814159154892,-0.4422270834445953,-0.000547213270328939,-0.0023235579719766974,0.0005615724716335535,215.998,195.001,79.997,"0.03,0.06,-1.06,0.27,-0.53,-0.02,100611,24.4"
23.220303900074214,0.11309862583875656,0.0364123746752739,-0.4437571406364441,0.0009090761188417674,-0.0012688006972894073,0.0002626166387926787,215.998,195.001,79.997,"0.02,0.06,-1.06,0.15,-0.41,-0.02,100648,24.4"
23.313289600075223,0.11370511502027511,0.04656787514686585,-0.45056377053260804,0.0013341663638129831,-0.001124816620722413,0.00018612831190694122,215.998,195.001,79.997,"0.02,0.06,-1.06,0.21,-0.47,-0.08,100649,24.4"
23.40733860002365,0.10108465030789375,0.03479330837726593,-0.464505797624588,0.0006548660807311535,-0.0007435950450599193,0.0002889806346502155,215.998,195.001,79.997,"0.03,0.06,-1.06,0.27,-0.41,-0.02,100666,24.4"
23.50230950000696,0.13217567652463913,0.005928749591112137,-0.4348880767822266,-0.00015324687119573356,-0.00264720122795552,0.00016834902344271542,215.998,195.001,79.997,"0.03,0.06,-1.06,0.21,-0.47,-0.14,100682,24.4"
23.595301200053655,0.11116930842399597,0.038065601140260696,-0.46610936522483826,0.000824700715020299,-0.0011747129959985615,0.0002829504024703056,215.998,195.001,79.997,"0.02,0.06,-1.06,0.33,-0.47,-0.14,100684,24.4"
23.689337100018747,0.13132628798484802,0.020677365735173224,-0.4280619740486145,0.00045219832099974155,-0.0021558912470936776,6.824502488598228e-05,215.998,195.001,79.997,"0.02,0.06,-1.06,0.33,-0.47,-0.08,100700,24.4"
23.782338100019842,0.1341819316148758,0.022235585004091264,-0.4260642111301422,0.0005020252661779523,-0.002274314872920513,7.381504983641207e-05,215.998,195.001,79.997,"0.03,0.06,-1.06,0.27,-0.47,-0.08,100701,24.4"
23.876311600091867,0.08324130922555924,0.06884653940796852,-0.507808518409729,0.002006100839935243,0.0004439359996467829,0.00047743889736011623,215.998,195.001,79.997,"0.02,0.06,-1.06,0.39,-0.47,-0.14,100717,24.4"
23.970297100022435,0.12978692948818207,0.019961322098970412,-0.43624032735824586,0.0003264033701270819,-0.001955195004120469,6.941211177036166e-05,215.998,195.001,79.997,"0.02,0.06,-1.06,0.33,-0.53,-0.14,100733,24.4"
24.068340300000273,0.10100433677434921,0.05575535222887993,-0.3659668743610382,0.001546583534218371,-0.0004752462147735059,9.405630407854915e-05,215.998,194.513,79.997,"0.02,0.06,-1.06,0.21,-0.41,-0.08,99818,24.4"
24.16729740006849,0.1213356837630272,0.03241925649344921,-0.30319918394088746,0.000898541510105133,-0.0019298453000374139,-0.00011707940138876438,215.998,194.501,79.997,"0.02,0.06,-1.06,0.27,-0.41,-0.08,99817,24.4"
24.260361900087446,0.12963503152132033,0.014921819791197777,-0.325945770740509,0.0002790887374430895,-0.002766824420541525,2.2614933550357817e-05,215.998,194.501,79.997,"0.03,0.06,-1.06,0.45,-0.35,-0.02,99894,24.4"
24.3543358000461,0.14355176985263823,-0.008585000410676003,-0.30217955708503724,-0.0006589745869860053,-0.0034252241253852843,-4.0629087015986444e-05,215.998,194.501,79.997,"0.03,0.06,-1.06,0.33,-0.35,-0.08,100462,24.4"
24.44734509999398,0.11334861069917679,0.07779924646019935,-0.34779868125915525,0.002379916119389236,-0.00050730190705508,-0.00022260071127675474,215.998,194.501,79.997,"0.03,0.06,-1.06,0.45,-0.41,-0.08,100602,24.4"
24.54131540004164,0.10891557559370994,0.029450605064630507,-0.3629552125930786,0.0006638071965426207,-0.0015188358025625347,0.00017376809846609832,215.998,194.501,79.997,"0.03,0.06,-1.06,0.51,-0.35,-0.14,100627,24.4"
24.635356400045566,0.11801280975341796,0.004377589374780655,-0.3599003553390503,-0.0002412822563201189,-0.0025649432209320366,0.00027778062503784894,215.998,194.501,79.997,"0.02,0.06,-1.06,0.45,-0.41,-0.08,100612,24.4"
24.72934130008798,0.11752082034945488,0.008182846009731293,-0.35415292382240293,-0.00017411001026630403,-0.002337912190705538,0.0001947989920154214,215.998,194.501,79.997,"0.02,0.06,-1.06,0.57,-0.41,-0.08,100620,24.4"
24.82332680001855,0.10343773066997528,0.03851376846432686,-0.3804975926876068,0.0008492816239595413,-0.0011471924022771417,0.0001573440706124529,215.998,194.501,79.997,"0.02,0.06,-1.06,0.45,-0.41,-0.14,100618,24.4"
24.916307000094093,0.11395166143774986,0.0350116528570652,-0.3541431248188019,0.0009312700014561415,-0.0013966734055429696,5.780765786767006e-06,215.998,194.501,79.997,"0.02,0.06,-1.06,0.57,-0.35,-0.08,100616,24.4"
25.010366200003773,0.08998164907097816,0.04347801506519318,-0.4069205760955811,0.0010622107656672597,-0.000725313147995621,0.0004226994758937508,215.998,194.501,79.997,"0.02,0.06,-1.06,0.57,-0.41,-0.08,100626,24.4"
25.10433910007123,0.12268765419721603,0.03971765637397766,-0.34818623065948484,0.0010022899834439159,-0.0015423968783579768,-0.00015513134421780707,215.998,194.489,79.997,"0.03,0.06,-1.06,0.70,-0.47,-0.14,100612,24.4"
25.223345900070854,0.10372740477323532,0.06614440083503723,-0.25704004168510436,0.002026344742625952,-0.000913810811471194,-0.0001742537773679942,215.998,194.005,79.997,"0.03,0.06,-1.06,0.51,-0.35,-0.14,100612,24.4"
25.32735210005194,0.11414172649383544,0.030614823475480078,-0.24894651472568513,0.0006968634203076363,-0.002044735476374626,-9.72255103988573e-05,215.998,194.001,79.997,"0.02,0.06,-1.06,0.39,-0.35,-0.08,100628,24.4"
25.422320600016974,0.06980787515640259,0.053913898020982745,-0.3229347288608551,0.0013518999330699444,-0.0001867937622591853,0.0003869052976369858,215.998,194.001,79.997,"0.02,0.06,-1.06,0.57,-0.35,-0.08,100607,24.4"
25.516396500053816,0.10584276467561722,0.006222445890307427,-0.2898273944854736,-0.0003427202347666025,-0.0025084880879148843,0.0003279530617874116,215.998,194.001,79.997,"0.03,0.06,-1.06,0.57,-0.35,-0.08,100621,24.4"
25.611323000048287,0.10269920527935028,-0.01829545870423317,-0.2989528805017471,-0.0010150262853130699,-0.003086312091909349,0.000589929730631411,215.998,194.001,79.997,"0.02,0.06,-1.06,0.51,-0.29,-0.02,100616,24.4"
25.70539910008665,0.10949687361717224,0.005852513015270233,-0.28540424406528475,-0.00018334774067625404,-0.002498387568630278,0.000209346495103091,215.998,194.001,79.997,"0.02,0.06,-1.06,0.64,-0.29,-0.14,100612,24.4"
25.799344400060363,0.06757760643959046,0.06387445889413357,-0.34542196393013,0.0017333901021629571,6.0572661459445955e-05,0.0004138074000366032,215.998,194.001,79.997,"0.02,0.06,-1.06,0.57,-0.41,-0.08,100613,24.4"
25.892341200029477,0.08381139263510703,0.046186413615942,-0.32956045866012573,0.001231401087716222,-0.0007843130268156528,0.00031471440452151,215.998,194.001,79.997,"0.02,0.06,-1.06,0.45,-0.29,-0.08,100616,24.4"
25.98631489998661,0.11064580082893372,0.021645184233784677,-0.2932941406965256,0.0001958796987310052,-0.002105695370119065,8.853259496390819e-05,215.998,194.001,79.997,"0.02,0.06,-1.06,0.64,-0.35,-0.02,100613,24.4"
26.081343900063075,0.09906900227069855,0.005616222321987152,-0.3054248422384262,-0.00018038854468613864,-0.0022951127379201353,0.00034431932435836644,215.998,194.001,79.997,"0.02,0.06,-1.06,0.64,-0.35,-0.08,100614,24.4"
26.174348600092344,0.10913366451859474,0.004782103374600411,-0.2980301767587662,-0.00020563448779284955,-0.0025664303218945863,0.000304236588999629,215.998,194.001,79.997,"0.02,0.06,-1.06,0.64,-0.35,-0.14,100618,24.4"
26.268326500081457,0.11140142381191254,0.032577672973275185,-0.28588807284832,0.0007254677591845393,-0.0017181827104650437,-6.687979912385344e-05,215.998,193.983,79.997,"0.02,0.06,-1.06,0.76,-0.35,-0.08,100622,24.4"
26.366369200055487,0.10232081636786461,0.04408154301345348,-0.18688011020421982,0.0010399474296718836,-0.0017589057330042123,-0.00015440095448866488,215.998,193.507,79.997,"0.02,0.06,-1.06,0.39,-0.29,-0.02,100614,24.4"
26.460358700016513,0.09962133690714836,0.02595038078725338,-0.18540311604738235,0.0005369278602302075,-0.0020841744495555758,-2.6836199685931207e-05,215.998,193.501,79.997,"0.02,0.06,-1.06,0.39,-0.29,-0.08,100622,24.4"
26.553341999999247,0.08089385703206062,0.0375691294670105,-0.2244936406612396,0.00096475372556597,-0.0011819531559012831,0.00019085468957200647,215.998,193.501,79.997,"0.03,0.06,-1.06,0.51,-0.29,-0.08,100620,24.4"
26.64739230007399,0.0985692448914051,0.04240722060203552,-0.2037973642349243,0.0011931315064430236,-0.0013872933574020862,-0.00016365075134672225,215.998,193.501,79.997,"0.03,0.06,-1.06,0.51,-0.29,-0.20,100626,24.4"
26.741371100069955,0.10862585380673409,0.009391580894589423,-0.19020759761333467,7.14736059308052e-05,-0.0025975847849622367,-6.805514567531645e-05,215.998,193.501,79.997,"0.02,0.06,-1.06,0.45,-0.29,-0.08,100615,24.4"
26.83536800008733,0.10366641730070114,0.02110614664852619,-0.2188895583152771,0.00031287067104130984,-0.0023803876654710622,8.038805681280792e-05,215.998,193.501,79.997,"0.03,0.06,-1.06,0.57,-0.35,-0.14,100621,24.4"
26.929388800053857,0.10470616668462754,0.02098563462495804,-0.21223193109035493,0.0004011007258668542,-0.002258154097944498,4.90291859023273e-06,215.998,193.501,79.997,"0.02,0.06,-1.06,0.51,-0.35,-0.08,100614,24.4"
27.024352899985388,0.10404741913080215,0.024587079510092737,-0.21829211711883545,0.0005139697808772325,-0.002295020199380815,7.136786589398981e-05,215.998,193.501,79.997,"0.02,0.06,-1.06,0.57,-0.29,-0.08,100616,24.4"
27.11833030008711,0.11827701404690742,-0.011267875507473945,-0.19606225490570067,-0.0005812294548377395,-0.0035194404888898136,5.4099829867482185e-05,215.998,193.501,79.997,"0.02,0.06,-1.06,0.57,-0.29,-0.08,100627,24.4"
27.212380700046197,0.09103654474020004,0.06152655407786369,-0.2361549586057663,0.0017745455726981163,-0.0007985561504028737,-0.00012562623887788505,215.998,193.501,79.997,"0.03,0.06,-1.06,0.57,-0.23,-0.14,100618,24.4"
27.306351999985054,0.12119075655937195,-0.01515631191432476,-0.19952888488769532,-0.0007584315026178956,-0.0037233450450003145,3.3744575921446086e-05,215.998,193.501,79.997,"0.03,0.06,-1.06,0.64,-0.23,-0.14,100610,24.4"
27.40040849999059,0.09699085354804993,0.019390780478715897,-0.2378598630428314,0.0003973748069256544,-0.0023343691369518637,0.000201173554523848,215.998,193.485,79.997,"0.02,0.06,-1.06,0.76,-0.29,-0.20,100619,24.4"
27.50540850008838,0.0889023557305336,0.00805264487862587,-0.13889206051826478,2.0540552213788033e-06,-0.0023656774312257765,0.00012561044422909617,215.998,193.005,79.997,"0.02,0.06,-1.06,0.39,-0.23,-0.14,100606,24.4"
27.608343100058846,0.07038497216999531,0.016515777632594108,-0.16567491441965104,0.0002829783596098423,-0.0017566104419529439,0.00033814183552749455,215.998,193.001,79.997,"0.02,0.06,-1.06,0.39,-0.17,-0.08,100622,24.4"
27.70238460006658,0.07845822051167488,0.03757457509636879,-0.16104832738637925,0.0010530730243772269,-0.0014360432280227542,3.301061515230686e-05,215.998,193.001,79.997,"0.03,0.06,-1.06,0.51,-0.23,-0.02,100616,24.4"
27.796397300087847,0.07868513613939285,0.01489468440413475,-0.17820071280002595,0.00018359418027102947,-0.0020784744061529636,0.0003861378056171816,215.998,193.001,79.997,"0.02,0.06,-1.06,0.51,-0.17,-0.08,100620,24.4"
27.89036030007992,0.08508351780474185,-0.009725168347358704,-0.16721879839897155,-0.0006400169804692268,-0.0026397186331450937,0.000367396988440305,215.998,193.001,79.997,"0.02,0.06,-1.06,0.45,-0.23,-0.14,100622,24.4"
27.98335190000944,0.08356399945914746,0.004099218547344208,-0.16991671323776245,-0.00019532176665961742,-0.0023691465612500906,0.0002446446102112532,215.998,193.001,79.997,"0.02,0.06,-1.06,0.51,-0.23,-0.14,100623,24.4"
28.077399000059813,0.08793577663600445,0.02236175537109375,-0.16446656584739686,0.0005240531871095299,-0.001865911786444485,8.371076546609402e-05,215.998,193.001,79.997,"0.02,0.06,-1.06,0.57,-0.17,-0.08,100620,24.4"
28.17038530006539,0.09780237078666687,-0.0014800231903791428,-0.16259704530239105,-0.00036939922720193865,-0.0029359053238295018,0.0001677820459008217,215.998,193.001,79.997,"0.02,0.06,-1.06,0.51,-0.23,-0.14,100620,24.4"
28.264379300060682,0.08532698452472687,0.07740765064954758,-0.1745299592614174,0.002524967910721898,-0.0007312771223951132,-0.00020849966458627022,215.998,193.001,79.997,"0.02,0.06,-1.06,0.64,-0.17,-0.08,100608,24.4"
28.35841630003415,0.09033875502645969,0.04346956573426723,-0.16468159407377242,0.0013199551263824104,-0.0014803933445364237,-6.911121308803559e-05,215.998,193.001,79.997,"0.02,0.06,-1.06,0.45,-0.17,-0.08,100617,24.4"
28.452392900013365,0.07084645628929138,0.08408351689577102,-0.19063001424074172,0.0026909860782325266,1.637177774682641e-05,-0.0001025269491947256,215.998,193.001,79.997,"0.02,0.06,-1.06,0.57,-0.17,-0.14,100616,24.4"
28.5463982000947,0.11446548104286194,0.024981411173939705,-0.13118956089019776,0.0006311049917712807,-0.0026405633019749076,-0.00035091601312160493,215.998,192.985,79.997,"0.02,0.06,-1.06,0.64,-0.29,-0.14,100624,24.4"
28.64540040004067,0.054805122688412665,0.04443585649132729,-0.13102104626595973,0.001288998906966299,-0.0007031354936771095,0.0002531628415454179,215.998,192.505,79.997,"0.02,0.06,-1.06,0.39,-0.11,-0.14,100615,24.4"
28.746390499989502,0.07615157850086689,-0.003873681277036667,-0.09178268983960151,-0.00024902874138206245,-0.0025600107037462294,0.0002202800242230296,215.998,192.501,79.997,"0.02,0.06,-1.06,0.39,-0.11,-0.20,100617,24.4"
28.84038040006999,0.06098108440637588,0.02835075035691261,-0.1284703031182289,0.000764500699006021,-0.0013448916259221732,0.00027668639086186886,215.998,192.501,79.997,"0.02,0.06,-1.06,0.45,-0.17,-0.14,100616,24.4"
28.935386900091544,0.07516350746154785,0.029077134281396865,-0.11729311384260654,0.0008248909609392286,-0.0018050920101813973,0.00010422287450637669,215.998,192.501,79.997,"0.02,0.06,-1.06,0.51,-0.17,-0.08,100620,24.4"
29.02937650005333,0.10472356528043747,0.02193741425871849,-0.07168454378843307,0.0006417818134650588,-0.0027391970274038614,-0.00034180888906121254,215.998,192.501,79.997,"0.02,0.06,-1.06,0.45,-0.11,-0.08,100618,24.4"
29.12341290002223,0.062142981216311455,0.03153253272175789,-0.1382453426718712,0.000993234827183187,-0.001272584730759263,0.0002466202444338705,215.998,192.501,79.997,"0.03,0.06,-1.06,0.57,-0.11,-0.08,100610,24.4"
29.21738980000373,0.06585547924041749,0.049232909455895424,-0.1312376007437706,0.0015894277719780802,-0.001051248560543172,8.929319083108566e-05,215.998,192.501,79.997,"0.02,0.06,-1.06,0.57,-0.11,-0.14,100618,24.4"
29.310388199985027,0.09281991198658943,0.01539657562971115,-0.0903815746307373,0.000514356605708599,-0.002565250254701823,-4.412030102685094e-05,215.998,192.501,79.997,"0.02,0.06,-1.06,0.57,-0.11,-0.08,100621,24.4"
29.404362500063144,0.07087647318840026,0.029464689269661903,-0.13236969262361525,0.000660836067982018,-0.001559777621878311,0.0001193921452795621,215.998,192.501,79.997,"0.02,0.06,-1.06,0.64,-0.11,-0.14,100609,24.4"
29.49737570004072,0.08577338084578515,0.03768387697637081,-0.10669200271368026,0.0011245595989748836,-0.001880308662657626,-0.00015984071360435336,215.998,192.501,79.997,"0.02,0.06,-1.06,0.57,-0.17,-0.08,100610,24.4"
29.59141900006216,0.05865715332329273,0.040310841798782346,-0.14440028443932534,0.0010694159660488366,-0.0007086587138473988,0.00022146432893350721,215.998,192.501,79.997,"0.02,0.06,-1.06,0.51,-0.11,-0.14,100614,24.4"
29.68636890000198,0.06974110119044781,0.007535535469651222,-0.1329008646309376,0.00016182261751964688,-0.0020831981382798404,0.00030736697372049095,215.998,192.493,79.997,"0.02,0.06,-1.06,0.57,-0.11,-0.20,100610,24.4"
29.783434799988754,0.05494956225156784,0.06982510834932328,-0.0789662018418312,0.0023269082186743615,-0.0004231721715768799,-7.817553414497524e-05,215.998,192.007,79.997,"0.02,0.06,-1.06,0.39,-0.11,-0.08,100618,24.4"
29.879391200025566,0.09703567810356617,0.011422582343220711,-0.014534846413880587,0.00044456068426370623,-0.003153827926144004,-0.00028396198176778854,215.998,192.001,79.997,"0.02,0.06,-1.06,0.39,-0.04,-0.08,100614,24.4"
29.973425300093368,0.04638355765491724,0.021251970529556276,-0.09493819549679756,0.0007028868887573481,-0.0013862211781088263,0.00043621166842058303,215.998,192.001,79.997,"0.02,0.06,-1.06,0.45,-0.11,-0.14,100611,24.4"
30.066418300033547,0.05946943685412407,0.03703706078231335,-0.08067228333093227,0.0012431375449523329,-0.0011995884240604937,9.624895174056291e-05,215.998,192.001,79.997,"0.02,0.06,-1.06,0.51,-0.04,-0.14,100609,24.4"
30.16040679998696,0.06229388751089573,-0.010396768897771835,-0.0776364921592176,-0.0005493727745488286,-0.0024244767264463007,0.00035835340968333186,215.998,192.001,79.997,"0.02,0.06,-1.06,0.51,-0.04,-0.08,100611,24.4"
30.254386099986732,0.08137259185314179,0.037844054773449896,-0.06093657985329628,0.0012047058902680875,-0.0019400762277655304,-0.00021444221492856742,215.998,192.001,79.997,"0.02,0.06,-1.06,0.51,-0.11,-0.08,100612,24.4"
30.348421500064433,0.026842450723052025,0.03964554257690907,-0.1309801533818245,0.0012434294912964106,-0.00013173172483220695,0.0005236180033534766,215.998,192.001,79.997,"0.02,0.06,-1.06,0.51,-0.04,-0.14,100612,24.4"
30.442410600022413,0.06258939653635025,0.006512952968478203,-0.08512552808970213,9.488582145422697e-05,-0.002166602620854974,0.00025394601980224254,215.998,192.001,79.997,"0.02,0.06,-1.06,0.51,-0.04,-0.14,100611,24.4"
30.53638280008454,0.07615005020052194,-0.012479329109191894,-0.07365139555186033,-0.0005204159766435623,-0.003041538526304066,0.0002558644046075642,215.998,192.001,79.997,"0.03,0.06,-1.06,0.57,-0.11,-0.14,100620,24.4"
30.630433300044388,0.03542173765599728,0.07780901491641998,-0.12570963874459268,0.0025709689827635883,0.0004576240957248956,0.00017486675642430782,215.998,192.001,79.997,"0.02,0.06,-1.06,0.51,-0.11,-0.02,100613,24.4"
30.723419000045396,0.0468073820695281,0.03611193262040615,-0.11268465295433998,0.0011523619992658495,-0.0007925056619569659,0.0003003535464813467,215.998,192.001,79.997,"0.02,0.06,-1.06,0.51,-0.04,-0.14,100621,24.4"
30.817395900026895,0.08779697082936763,0.013838160410523414,-0.05472673773765564,0.0005578912911005318,-0.002598519210005179,-0.0001473648240789771,215.998,192.001,79.997,"0.02,0.06,-1.06,0.57,-0.11,-0.08,100608,24.4"
30.915453399997205,0.06349562252871692,0.01579670049250126,-0.024775167927145958,0.000619015097618103,-0.002080721312086098,3.999629989266395e-05,215.998,191.511,79.997,"0.02,0.06,-1.06,0.51,0.08,-0.08,100616,24.4"
31.012444799998775,0.09084822759032249,0.005127134919166565,0.02702259346842766,0.0004250046913512051,-0.003228399273939431,-0.0002637328871060163,215.998,191.501,79.997,"0.03,0.06,-1.06,0.51,0.02,-0.14,100607,24.4"
31.10645610000938,0.052164439018815754,0.036071573942899705,-0.037714676931500435,0.0012664848007261753,-0.0013461677357554437,4.0288089076057075e-05,215.998,191.501,79.997,"0.03,0.06,-1.06,0.57,0.02,-0.08,100618,24.4"
31.200422800029628,0.08165633268654346,-0.017453904449939727,-0.0023571149446070193,-0.00044833612628281116,-0.0034432564862072468,2.244591014459729e-05,215.998,191.501,79.997,"0.02,0.06,-1.06,0.51,0.02,-0.08,100612,24.4"
31.294439600082114,0.06565472930669784,0.024342387914657593,-0.02460498996078968,0.0008797765360213817,-0.001866455958224833,-2.799990470521152e-05,215.998,191.501,79.997,"0.02,0.06,-1.06,0.57,0.08,-0.08,100621,24.4"
31.388432900072075,0.06835445612668992,-0.001144413836300373,-0.025729100033640862,7.848142413422466e-05,-0.0027021829184377564,0.0001174895209260285,215.998,191.501,79.997,"0.02,0.05,-1.06,0.64,0.02,-0.14,100621,24.4"
31.48239200003445,0.06688058245927095,0.007013119384646415,-0.027749501913785935,0.0002560350811108947,-0.0022757327446015553,9.986259101424366e-06,215.998,191.501,79.997,"0.02,0.06,-1.06,0.57,0.02,-0.08,100612,24.4"
31.57741650007665,0.06593361124396324,-0.0020482972264289855,-0.024733619764447212,0.00011486635776236653,-0.002740018587792292,0.0001821364799980074,215.998,191.501,79.997,"0.03,0.06,-1.06,0.57,0.08,-0.08,100607,24.4"
31.67045010009315,0.060110103152692315,0.00993225835263729,-0.04292466193437576,0.0005274937488138675,-0.0021807922428706663,0.0001661414047703147,215.998,191.501,79.997,"0.02,0.06,-1.06,0.70,0.02,-0.02,100614,24.4"
31.764417700003833,0.0718521997332573,0.007669075578451157,-0.017287314310669898,0.000256481091491878,-0.00226129109505564,-0.00011633048416115344,215.998,191.501,79.997,"0.02,0.06,-1.06,0.64,0.02,-0.14,100614,24.4"
31.857400399981998,0.08074629306793213,-0.016092883050441743,-0.01589419711381197,-0.0005819957121275365,-0.0033462610328570007,9.133527055382729e-05,215.998,191.501,79.997,"0.02,0.06,-1.06,0.57,0.02,-0.08,100624,24.4"
31.951441499986686,0.04792363569140434,0.01960940156131983,-0.0689827099442482,0.0006372282980009914,-0.0014915908803232014,0.00031734426447656007,215.998,191.501,79.997,"0.03,0.06,-1.06,0.64,0.02,-0.02,100611,24.4"
32.04843249998521,0.06012831376865506,-0.004853116348385811,-0.005068051535636187,-7.931123254820705e-05,-0.002686118520796299,0.00027084846515208484,215.998,191.007,79.997,"0.02,0.06,-1.06,0.64,0.08,-0.14,100614,24.4"
32.158410000032745,0.07197258034721017,-0.005099957063794136,0.026193464174866676,-0.0001094448147341609,-0.003124884469434619,-2.045664587058127e-05,215.998,191.001,79.997,"0.02,0.06,-1.06,0.64,0.14,-0.08,100615,24.4"
32.25244690000545,0.08851523995399475,-0.00511433333158493,0.05432627499103546,3.042175667360425e-05,-0.003418912715278566,-0.0002862255088984966,215.998,191.001,79.997,"0.02,0.06,-1.06,0.70,0.02,-0.08,100618,24.4"
32.34643210005015,0.04850128069519997,0.0347444299608469,-0.01433756723999977,0.0010991421528160571,-0.001494316355092451,6.935998098924756e-05,215.998,191.001,79.997,"0.02,0.06,-1.06,0.70,0.08,-0.08,100616,24.4"
32.44041899999138,0.06820267885923385,-0.008171327039599418,0.01739026978611946,-0.0003189499722793698,-0.0030771998688578607,7.456687744706869e-05,215.998,191.001,79.997,"0.02,0.06,-1.06,0.76,0.02,-0.08,100614,24.4"
32.533480099984445,0.04775919988751411,0.03510370254516602,-0.007702248729765415,0.0012966454029083251,-0.001417149615008384,7.002168713370338e-05,215.998,191.001,79.997,"0.02,0.05,-1.06,0.76,0.08,-0.02,100616,24.4"
32.62745410006028,0.07197473542764783,0.003862962871789932,0.03307197764515877,0.00017354001756757497,-0.002664985542651266,-0.00014483865816146136,215.998,191.001,79.997,"0.02,0.06,-1.06,0.70,0.02,-0.08,100620,24.4"
32.721429600031115,0.05777242481708526,0.017393237352371214,-0.002410675585269928,0.0005308089544996619,-0.0020696228486485778,1.1155786341987551e-05,215.998,191.001,79.997,"0.02,0.05,-1.06,0.76,0.08,-0.02,100616,24.4"
32.81546910002362,0.029688005149364472,0.02171282097697258,-0.04055021665990353,0.0007064706995151937,-0.001076761441072449,0.0003923738666344434,215.998,191.001,79.997,"0.02,0.06,-1.06,0.82,0.02,-0.02,100617,24.4"
32.90945290005766,0.044948453456163405,0.018305636197328567,-0.022859745007008315,0.0005892501911148428,-0.00169375961413607,0.0001990133139770478,215.998,191.001,79.997,"0.02,0.06,-1.06,0.76,0.02,-0.08,100606,24.4"
33.00343879999127,0.0450777892023325,0.00023787058889865876,-0.03308187462389469,-7.183584384620189e-05,-0.0022924699995201083,0.00044118122023064645,215.998,191.001,79.997,"0.03,0.06,-1.06,0.76,0.08,-0.02,100615,24.4"
33.09750790009275,0.06454975763335824,0.022699999809265136,0.0059883445501327515,0.0006586082396097481,-0.0020072640385478736,-8.176113478839398e-05,215.998,190.989,79.997,"0.02,0.06,-1.06,0.76,0.08,-0.02,100617,24.4"
33.20646080002189,0.04211665308102965,0.03289174288511276,-0.0038594448938965797,0.0009239400271326304,-0.0015366499486844988,0.00012378874816931784,215.998,190.505,79.997,"0.02,0.05,-1.06,0.82,0.08,-0.02,100628,24.4"
33.3054187000962,0.03476984873414039,0.022570280358195305,-0.019661076925694944,0.0004723921709228307,-0.0018572847940959037,0.000331965705845505,215.998,190.501,79.997,"0.02,0.06,-1.06,0.88,0.08,-0.08,100616,24.4"
33.39946720004082,0.04813892273232341,-0.012523820623755455,0.006124221533536911,-0.0007194669102318585,-0.002913280506618321,0.00034378377022221686,215.998,190.501,79.997,"0.02,0.06,-1.06,0.88,0.08,-0.08,100621,24.4"
33.492451500031166,0.06433869153261185,-0.0007122509181499481,0.03654754944145679,-0.00021575136343017222,-0.003054224199149758,-1.0943901725113391e-05,215.998,190.501,79.997,"0.02,0.05,-1.06,0.88,0.14,-0.08,100604,24.4"
33.58643760008272,0.05556504502892494,0.03091503158211708,0.026215314865112305,0.0008982211584225297,-0.002054259681608528,-0.00014234413392841816,215.998,190.501,79.997,"0.02,0.06,-1.06,0.88,0.14,-0.14,100622,24.4"
33.681471200077794,0.02718157712370157,0.05821847915649414,-0.01483758706599474,0.001758808852173388,-0.0006107257213443518,0.00013162966351956129,215.998,190.501,79.997,"0.02,0.05,-1.06,0.88,0.14,0.04,100620,24.4"
33.77545389998704,0.0514721279963851,0.00531824491918087,0.01411026851274073,-0.0001213141600601375,-0.002514614746905863,0.0001570611959323287,215.998,190.501,79.997,"0.02,0.05,-1.06,0.82,0.08,-0.14,100631,24.4"
33.86942270002328,0.030539980344474315,0.0358107291162014,-0.014557991921901704,0.0009880073892418295,-0.001387183112092316,0.0002328418573597446,215.998,190.501,79.997,"0.02,0.06,-1.06,0.94,0.14,-0.02,100616,24.4"
33.96242140000686,0.04438765533268452,0.009095995128154755,0.0035527437925338746,4.198669921606779e-05,-0.002143648290075362,0.0002611485309898853,215.998,190.501,79.997,"0.02,0.05,-1.06,0.94,0.08,-0.02,100618,24.4"
34.0564730000915,0.06906761601567268,-0.0037582555785775186,0.03607073724269867,-0.00031453362898901103,-0.0034153527580201627,-3.911545500159264e-05,215.998,190.501,79.997,"0.02,0.06,-1.06,0.94,0.14,-0.08,100616,24.4"
34.15045700001065,0.0504442423582077,0.010371864959597587,0.017177968565374614,0.00011530629126355052,-0.002331581013277173,9.372071363031865e-05,215.998,190.501,79.997,"0.02,0.06,-1.06,0.94,0.14,-0.08,100620,24.4"
34.24442750005983,0.042080008424818516,-0.009667279943823815,-0.0023151690140366553,-0.0005777148995548487,-0.0029349051183089614,0.0004932142386678606,215.998,190.499,79.997,"0.02,0.05,-1.06,1.00,0.08,-0.08,100617,24.4"
34.340434800018556,0.038743242435157296,0.013068321906030179,-0.014221946150064469,0.00022401766618713738,-0.0021118295670021327,0.0004003724898211658,215.998,190.005,79.997,"0.02,0.06,-1.06,1.00,0.08,-0.08,100614,24.4"
34.44844350009225,0.07184720560908317,-0.004872127436101437,0.032231888826936485,-0.000353018578607589,-0.003551192907616496,2.3268943186849357e-05,215.998,190.001,79.997,"0.02,0.06,-1.06,1.00,0.14,-0.08,100619,24.4"
34.54145820008125,0.08357269391417503,-0.013572175800800324,0.05868194196373224,-0.0007003675797022879,-0.003943698480725288,-0.00018977737636305392,215.998,190.001,79.997,"0.02,0.05,-1.06,0.94,0.14,-0.08,100618,24.4"
34.63547630002722,0.031603838130831716,0.050377684831619265,-0.012729248404502869,0.0014941742410883307,-0.0007817208883352577,8.13369668321684e-05,215.998,190.001,79.997,"0.02,0.06,-1.06,1.06,0.14,-0.02,100624,24.4"
34.729468300007284,0.061728551238775256,0.003110320121049881,0.02344543021172285,-2.120614517480135e-05,-0.0030756866792216895,9.22477338463068e-05,215.998,190.001,79.997,"0.02,0.06,-1.06,0.94,0.20,-0.20,100621,24.4"
34.823432600009255,0.0432266391813755,0.02674892246723175,-0.004594378918409347,0.0005883573088794946,-0.0016786736901849507,8.59536463394761e-05,215.998,190.001,79.997,"0.02,0.06,-1.06,1.00,0.20,-0.08,100612,24.4"
34.91646420001052,0.05014483630657196,-0.00857448559254408,0.00567747033201158,-0.0005688585340976715,-0.0030693677021190525,0.00036596014397218826,215.998,190.001,79.997,"0.02,0.05,-1.06,1.00,0.20,-0.08,100619,24.4"
35.010474500013515,0.032721837423741816,0.050607559643685816,-0.013403143361210823,0.0014760991325601935,-0.0010442258906550705,0.00011590599897317588,215.998,190.001,79.997,"0.02,0.06,-1.06,1.00,0.14,-0.02,100615,24.4"
35.1044600000605,0.05638146549463272,0.021962213143706322,0.028271312080323695,0.00046908012591302396,-0.0023681910126470028,-2.1507908240891992e-05,215.998,190.001,79.997,"0.02,0.06,-1.06,1.06,0.20,-0.08,100617,24.4"
35.198498900048435,0.04183213952928781,0.014730874449014664,-0.005672941729426384,9.259852813556791e-05,-0.0019979061093181373,0.00025010716344695536,215.998,190.001,79.997,"0.03,0.06,-1.06,1.00,0.14,-0.02,100617,24.4"
35.29247690003831,0.05671756248921156,-0.007613598555326462,0.018799513392150403,-0.0005946825258433819,-0.0029295698739588262,0.00020772379357367755,215.998,190.001,79.997,"0.03,0.06,-1.06,1.00,0.14,-0.14,100612,24.4"
35.387444699998014,0.02206768821924925,0.03161772843450308,-0.034701031446456906,0.0007979690213687718,-0.001223292326903902,0.00046520386822521684,215.998,189.769,79.997,"0.02,0.05,-1.06,1.06,0.14,-0.08,100622,24.4"
35.514462799998,0.051389629300683734,0.010655052959918976,0.011012428998947143,0.00023591095814481377,-0.0024696222972124815,0.0001793696195818484,215.998,189.501,79.997,"0.02,0.06,-1.06,1.00,0.14,-0.14,100618,24.4"
35.60646420007106,0.045607045851647855,-0.004845965653657913,0.005473887734115124,-0.00043746166629716755,-0.002630500355735421,0.00031443583429791033,215.998,189.501,79.997,"0.02,0.05,-1.06,1.00,0.20,-0.02,100613,24.4"
35.70044779998716,0.0491743765771389,0.0015286363661289216,-0.0018465508241206408,-0.0002692485344596207,-0.0028982495714444667,0.0003730698459548876,215.998,189.501,79.997,"0.03,0.06,-1.06,1.06,0.14,-0.14,100616,24.4"
35.79448610008694,0.05678699128329754,0.04930679127573967,0.028214232996106148,0.001677995757199824,-0.0017488334444351495,-0.00020373281731735914,215.998,189.501,79.997,"0.02,0.05,-1.06,1.06,0.14,-0.08,100614,24.4"
35.889456600067206,0.0723383016884327,0.007168734259903431,0.04449914135038853,0.00015518569853156805,-0.0032806463772431017,-9.123970521613955e-05,215.998,189.501,79.997,"0.02,0.05,-1.06,1.00,0.20,-0.08,100614,24.4"
35.98448300000746,0.056747850775718686,0.013512718677520751,0.019586643576622008,0.0001716510159894824,-0.002636039105709642,6.830354686826468e-05,215.998,189.501,79.997,"0.02,0.06,-1.06,1.06,0.20,-0.14,100616,24.4"
36.07952390005812,0.022454896382987498,0.04765157923102379,-0.026861405186355113,0.0013242908869870007,-0.0006119247933384031,0.00029145972803235054,215.998,189.501,79.997,"0.02,0.05,-1.06,1.06,0.14,-0.02,100616,24.4"
36.17251830000896,0.046785089932382104,-0.004196187108755111,-0.0008062979206442833,-0.0004438182571902871,-0.0028674487490206956,0.0004027259536087513,215.998,189.501,79.997,"0.02,0.06,-1.06,1.06,0.14,-0.08,100612,24.4"
36.26648930006195,0.0588350560516119,-0.0035765871405601503,0.022292034514248372,-0.0003626481047831476,-0.003207589581143111,0.00019467523670755327,215.998,189.501,79.997,"0.02,0.05,-1.06,1.00,0.14,-0.20,100616,24.4"
36.361511500086635,0.021030575223267078,0.0458232332020998,-0.024404667876660825,0.0013325629523023963,-0.0007944071287056432,0.00030397184891626237,215.998,189.501,79.997,"0.02,0.06,-1.06,1.06,0.20,-0.14,100611,24.4"
36.45650299999397,0.015546379424631596,0.0319882370531559,-0.04943068902939558,0.0007055897964164615,-0.001057372917421162,0.0006420532998163253,215.998,189.501,79.997,"0.02,0.06,-1.06,1.12,0.14,-0.08,100619,24.4"
36.5515039000893,0.03838361538946629,0.0405551765114069,-0.0052236136049032215,0.001154189312364906,-0.0014267646940425039,0.0001164246757980436,215.998,189.325,79.997,"0.03,0.06,-1.06,1.06,0.14,-0.02,100614,24.4"
36.64853780006524,0.03888134900480509,-0.02817537449300289,-0.021413377299904824,-0.0013986633101012557,-0.0030572992865927516,0.0006376206933055073,215.998,189.003,79.997,"0.02,0.06,-1.06,1.12,0.14,-0.08,100616,24.4"
36.74151000007987,0.06687147133052349,0.035582581907510756,0.04389613028615713,0.0011966601712629199,-0.002203939139144495,-0.000247944871080108,215.998,189.001,79.997,"0.02,0.05,-1.06,1.12,0.14,-0.08,100619,24.4"
36.83546640002169,0.05948616378009319,0.024049457907676697,0.02171610966324806,0.0006320483516901731,-0.002475067527848296,-1.4488521264865994e-05,215.998,189.001,79.997,"0.02,0.05,-1.06,1.19,0.14,-0.14,100614,24.4"
36.929529300075956,0.09361197799444199,0.0019100025296211244,0.07541545927524566,-7.293875096365809e-05,-0.003952798340469599,-0.00042169145308434963,215.998,189.001,79.997,"0.02,0.05,-1.06,1.06,0.14,-0.14,100616,24.4"
37.02349120005965,0.02466595321893692,0.027383587881922723,-0.03235271945595741,0.0006239561480470002,-0.0014149569091387094,0.0005104716401547194,215.998,189.001,79.997,"0.02,0.06,-1.06,1.12,0.14,-0.14,100612,24.4"
37.117471200064756,0.07371623069047928,0.010627679154276847,0.05465401746332645,0.00033299877541139724,-0.0030742482049390674,-0.00020596752874553205,215.998,189.001,79.997,"0.02,0.05,-1.06,1.06,0.14,-0.08,100616,24.4"
37.21249850001186,0.03149936813861132,0.0336931761354208,-0.026655306108295918,0.0009752587764523923,-0.0014819986768998205,0.00035489482106640933,215.998,189.001,79.997,"0.02,0.06,-1.06,1.06,0.14,-0.08,100614,24.4"
37.30753280001227,0.03696681372821331,0.024540137499570847,-0.012316100299358368,0.0004887481918558478,-0.0016243767575360834,0.0002740198979154229,215.998,189.001,79.997,"0.02,0.06,-1.06,1.06,0.14,-0.08,100612,24.4"
37.40150839998387,0.0228701313957572,0.06555605176836252,-0.03125160485506058,0.001988983654882759,-0.00039450707845389843,0.00020268873777240515,215.998,189.001,79.997,"0.02,0.05,-1.06,1.00,0.26,-0.02,100631,24.4"
37.49548969999887,0.041890883818268776,-0.010041278973221778,-0.015055074729025364,-0.0007402801653370261,-0.002865544520318508,0.0005697012529708445,215.998,189.001,79.997,"0.02,0.05,-1.06,1.19,0.14,-0.14,100621,24.4"
37.58952780009713,0.02117889206856489,0.028818003833293915,-0.023024986684322356,0.0007110990700311959,-0.000963515811599791,0.0003338980139233172,215.998,189.001,79.997,"0.02,0.06,-1.06,1.12,0.20,-0.08,100612,24.4"
37.684534700005315,0.028469104319810867,0.025465593114495276,-0.022660952573642135,0.0004444198915734887,-0.001356546813622117,0.00035077064821962265,215.998,189.001,79.997,"0.02,0.05,-1.06,1.12,0.20,-0.08,100620,24.4"
